-- MySQL dump 10.13  Distrib 8.0.25, for Linux (x86_64)
--
-- Host: localhost    Database: minisaas
-- ------------------------------------------------------
-- Server version	8.0.29-0ubuntu0.20.04.3

/*!40101 SET @OLD_CHARACTER_SET_CLIENT=@@CHARACTER_SET_CLIENT */;
/*!40101 SET @OLD_CHARACTER_SET_RESULTS=@@CHARACTER_SET_RESULTS */;
/*!40101 SET @OLD_COLLATION_CONNECTION=@@COLLATION_CONNECTION */;
/*!50503 SET NAMES utf8 */;
/*!40103 SET @OLD_TIME_ZONE=@@TIME_ZONE */;
/*!40103 SET TIME_ZONE='+00:00' */;
/*!40014 SET @OLD_UNIQUE_CHECKS=@@UNIQUE_CHECKS, UNIQUE_CHECKS=0 */;
/*!40014 SET @OLD_FOREIGN_KEY_CHECKS=@@FOREIGN_KEY_CHECKS, FOREIGN_KEY_CHECKS=0 */;
/*!40101 SET @OLD_SQL_MODE=@@SQL_MODE, SQL_MODE='NO_AUTO_VALUE_ON_ZERO' */;
/*!40111 SET @OLD_SQL_NOTES=@@SQL_NOTES, SQL_NOTES=0 */;

--
-- Table structure for table `app`
--

DROP TABLE IF EXISTS `app`;
/*!40101 SET @saved_cs_client     = @@character_set_client */;
/*!50503 SET character_set_client = utf8mb4 */;
CREATE TABLE `app` (
  `id` int NOT NULL AUTO_INCREMENT,
  `code` varchar(16) DEFAULT NULL,
  `name` varchar(45) DEFAULT NULL,
  `description` text,
  `functree` text,
  `baseurl` varchar(64) DEFAULT NULL,
  `create_time` timestamp NULL DEFAULT CURRENT_TIMESTAMP,
  `update_time` datetime DEFAULT NULL,
  PRIMARY KEY (`id`)
) ENGINE=InnoDB AUTO_INCREMENT=2 DEFAULT CHARSET=utf8mb3;
/*!40101 SET character_set_client = @saved_cs_client */;

--
-- Dumping data for table `app`
--

LOCK TABLES `app` WRITE;
/*!40000 ALTER TABLE `app` DISABLE KEYS */;
/*!40000 ALTER TABLE `app` ENABLE KEYS */;
UNLOCK TABLES;

--
-- Table structure for table `balance_type`
--

DROP TABLE IF EXISTS `balance_type`;
/*!40101 SET @saved_cs_client     = @@character_set_client */;
/*!50503 SET character_set_client = utf8mb4 */;
CREATE TABLE `balance_type` (
  `id` int NOT NULL AUTO_INCREMENT,
  `merchant_id` int DEFAULT NULL,
  `unit` varchar(16) DEFAULT '$',
  `name` varchar(45) DEFAULT NULL,
  `create_time` timestamp NULL DEFAULT CURRENT_TIMESTAMP,
  `update_time` datetime DEFAULT NULL,
  PRIMARY KEY (`id`)
) ENGINE=InnoDB DEFAULT CHARSET=utf8mb3;
/*!40101 SET character_set_client = @saved_cs_client */;

--
-- Dumping data for table `balance_type`
--

LOCK TABLES `balance_type` WRITE;
/*!40000 ALTER TABLE `balance_type` DISABLE KEYS */;
/*!40000 ALTER TABLE `balance_type` ENABLE KEYS */;
UNLOCK TABLES;

--
-- Table structure for table `customer`
--

DROP TABLE IF EXISTS `customer`;
/*!40101 SET @saved_cs_client     = @@character_set_client */;
/*!50503 SET character_set_client = utf8mb4 */;
CREATE TABLE `customer` (
  `id` int NOT NULL AUTO_INCREMENT,
  `lastname` varchar(45) DEFAULT NULL,
  `firstname` varchar(45) DEFAULT NULL,
  `name` varchar(45) DEFAULT NULL,
  `gender` int DEFAULT '2',
  `email` varchar(64) DEFAULT NULL,
  `phone` varchar(16) DEFAULT NULL,
  `address` varchar(128) DEFAULT NULL,
  `postcode` varchar(16) DEFAULT NULL,
  `city` varchar(45) DEFAULT NULL,
  `province` varchar(45) DEFAULT NULL,
  `country` varchar(45) DEFAULT NULL,
  `ext` text,
  `create_time` timestamp NULL DEFAULT CURRENT_TIMESTAMP,
  `update_time` datetime DEFAULT NULL,
  `birthday` date DEFAULT NULL,
  PRIMARY KEY (`id`)
) ENGINE=InnoDB AUTO_INCREMENT=435 DEFAULT CHARSET=utf8mb3;
/*!40101 SET character_set_client = @saved_cs_client */;

--
-- Dumping data for table `customer`
--

LOCK TABLES `customer` WRITE;
/*!40000 ALTER TABLE `customer` DISABLE KEYS */;
INSERT INTO `customer` VALUES (1,'Liang','Leo',NULL,1,'ljw@snda.com',NULL,NULL,NULL,'Toronto',NULL,NULL,'{}','2022-05-16 20:33:23','2022-05-16 20:33:23','2022-02-03'),(2,'Qian','Cynthai',NULL,0,'cynthai@snada.com',NULL,NULL,NULL,'Toronto',NULL,NULL,'{}','2022-05-16 20:33:23','2022-05-16 20:33:23','1970-01-01'),(3,'Liang','Leo',NULL,1,'1ljw@snda.com',NULL,NULL,NULL,'Toronto',NULL,NULL,'{}','2022-05-16 20:33:23','2022-05-16 20:33:23','2022-02-03'),(4,'Qian','Cynthai',NULL,0,'1cynthai@snada.com',NULL,NULL,NULL,'Toronto',NULL,NULL,'{}','2022-05-16 20:33:23','2022-05-16 20:33:23','1970-01-01'),(5,'Liang','Leo',NULL,1,NULL,NULL,NULL,NULL,'Toronto',NULL,NULL,'{}','2022-05-16 20:33:23','2022-05-16 20:33:23','2022-02-03'),(6,'Qian','Cynthai',NULL,0,NULL,NULL,NULL,NULL,'Toronto',NULL,NULL,'{}','2022-05-16 20:33:23','2022-05-16 20:33:23','1970-01-01'),(7,'Liang','Leo','Leo Liang',1,NULL,NULL,NULL,NULL,'Toronto',NULL,NULL,'{}','2022-05-16 20:35:55','2022-05-16 20:35:55','2022-02-03'),(8,'Qian','Cynthai','Cynthai Qian',0,NULL,NULL,NULL,NULL,'Toronto',NULL,NULL,'{}','2022-05-16 20:35:55','2022-05-16 20:35:55','1970-01-01'),(9,'Liang','Leo','Leo Liang',1,NULL,NULL,NULL,NULL,'Toronto',NULL,NULL,'{}','2022-05-16 20:38:07','2022-05-16 20:38:07','2022-02-03'),(10,'Qian','Cynthai','Cynthai Qian',0,NULL,NULL,NULL,NULL,'Toronto',NULL,NULL,'{}','2022-05-16 20:38:07','2022-05-16 20:38:07','1970-01-01'),(11,'Liang','Leo','Leo Liang',1,NULL,NULL,NULL,NULL,'Toronto',NULL,NULL,'{}','2022-05-16 21:32:13','2022-05-16 21:32:13','2022-02-03'),(12,'Qian','Cynthai','Cynthai Qian',0,NULL,NULL,NULL,NULL,'Toronto',NULL,NULL,'{}','2022-05-16 21:32:14','2022-05-16 21:32:14','1970-01-01'),(13,'Liang1','Test1','Test1 Liang1',1,'ljw@snda.com1','4156526374',NULL,NULL,'Toronto',NULL,NULL,'{}','2022-05-16 21:53:46','2022-05-16 21:53:46','2022-02-03'),(14,'Liang2','Test2','Test2 Liang2',0,'ljw@snda.com2','4156526375',NULL,NULL,'Toronto',NULL,NULL,'{}','2022-05-16 21:53:46','2022-05-16 21:53:46','2022-02-04'),(15,'Liang3','Test3','Test3 Liang3',1,'ljw@snda.com3','4156526376',NULL,NULL,'Toronto',NULL,NULL,'{}','2022-05-16 21:53:46','2022-05-16 21:53:46','2022-02-05'),(16,'Liang4','Test4','Test4 Liang4',0,'ljw@snda.com4','4156526377',NULL,NULL,'Toronto',NULL,NULL,'{}','2022-05-16 21:53:46','2022-05-16 21:53:46','2022-02-06'),(17,'Liang5','Test5','Test5 Liang5',1,'ljw@snda.com5','4156526378',NULL,NULL,'Toronto',NULL,NULL,'{}','2022-05-16 21:53:46','2022-05-16 21:53:46','2022-02-07'),(18,'Liang6','Test6','Test6 Liang6',0,'ljw@snda.com6','4156526379',NULL,NULL,'Toronto',NULL,NULL,'{}','2022-05-16 21:53:46','2022-05-16 21:53:46','2022-02-08'),(19,'Liang7','Test7','Test7 Liang7',1,'ljw@snda.com7','4156526380',NULL,NULL,'Toronto',NULL,NULL,'{}','2022-05-16 21:53:46','2022-05-16 21:53:46','2022-02-09'),(20,'Liang8','Test8','Test8 Liang8',0,'ljw@snda.com8','4156526381',NULL,NULL,'Toronto',NULL,NULL,'{}','2022-05-16 21:53:46','2022-05-16 21:53:46','2022-02-10'),(21,'Liang9','Test9','Test9 Liang9',1,'ljw@snda.com9','4156526382',NULL,NULL,'Toronto',NULL,NULL,'{}','2022-05-16 21:53:46','2022-05-16 21:53:46','2022-02-11'),(22,'Liang10','Test10','Test10 Liang10',0,'ljw@snda.com10','4156526383',NULL,NULL,'Toronto',NULL,NULL,'{}','2022-05-16 21:53:46','2022-05-16 21:53:46','2022-02-12'),(23,'Liang11','Test11','Test11 Liang11',1,'ljw@snda.com11','4156526384',NULL,NULL,'Toronto',NULL,NULL,'{}','2022-05-16 21:53:46','2022-05-16 21:53:46','2022-02-13'),(24,'Liang12','Test12','Test12 Liang12',0,'ljw@snda.com12','4156526385',NULL,NULL,'Toronto',NULL,NULL,'{}','2022-05-16 21:53:46','2022-05-16 21:53:46','2022-02-14'),(25,'Liang13','Test13','Test13 Liang13',1,'ljw@snda.com13','4156526386',NULL,NULL,'Toronto',NULL,NULL,'{}','2022-05-16 21:53:46','2022-05-16 21:53:46','2022-02-15'),(26,'Liang14','Test14','Test14 Liang14',0,'ljw@snda.com14','4156526387',NULL,NULL,'Toronto',NULL,NULL,'{}','2022-05-16 21:53:46','2022-05-16 21:53:46','2022-02-16'),(27,'Liang15','Test15','Test15 Liang15',1,'ljw@snda.com15','4156526388',NULL,NULL,'Toronto',NULL,NULL,'{}','2022-05-16 21:53:46','2022-05-16 21:53:46','2022-02-17'),(28,'Liang16','Test16','Test16 Liang16',0,'ljw@snda.com16','4156526389',NULL,NULL,'Toronto',NULL,NULL,'{}','2022-05-16 21:53:46','2022-05-16 21:53:46','2022-02-18'),(29,'Liang17','Test17','Test17 Liang17',1,'ljw@snda.com17','4156526390',NULL,NULL,'Toronto',NULL,NULL,'{}','2022-05-16 21:53:46','2022-05-16 21:53:46','2022-02-19'),(30,'Liang18','Test18','Test18 Liang18',0,'ljw@snda.com18','4156526391',NULL,NULL,'Toronto',NULL,NULL,'{}','2022-05-16 21:53:46','2022-05-16 21:53:46','2022-02-20'),(31,'Liang19','Test19','Test19 Liang19',1,'ljw@snda.com19','4156526392',NULL,NULL,'Toronto',NULL,NULL,'{}','2022-05-16 21:53:46','2022-05-16 21:53:46','2022-02-21'),(32,'Liang20','Test20','Test20 Liang20',0,'ljw@snda.com20','4156526393',NULL,NULL,'Toronto',NULL,NULL,'{}','2022-05-16 21:53:46','2022-05-16 21:53:46','2022-02-22'),(33,'Liang21','Test21','Test21 Liang21',1,'ljw@snda.com21','4156526394',NULL,NULL,'Toronto',NULL,NULL,'{}','2022-05-16 21:53:46','2022-05-16 21:53:46','2022-02-23'),(34,'Liang22','Test22','Test22 Liang22',0,'ljw@snda.com22','4156526395',NULL,NULL,'Toronto',NULL,NULL,'{}','2022-05-16 21:53:46','2022-05-16 21:53:46','2022-02-24'),(35,'Liang23','Test23','Test23 Liang23',1,'ljw@snda.com23','4156526396',NULL,NULL,'Toronto',NULL,NULL,'{}','2022-05-16 21:53:46','2022-05-16 21:53:46','2022-02-25'),(36,'Liang24','Test24','Test24 Liang24',0,'ljw@snda.com24','4156526397',NULL,NULL,'Toronto',NULL,NULL,'{}','2022-05-16 21:53:46','2022-05-16 21:53:46','2022-02-26'),(37,'Liang25','Test25','Test25 Liang25',1,'ljw@snda.com25','4156526398',NULL,NULL,'Toronto',NULL,NULL,'{}','2022-05-16 21:53:46','2022-05-16 21:53:46','2022-02-27'),(38,'Liang26','Test26','Test26 Liang26',0,'ljw@snda.com26','4156526399',NULL,NULL,'Toronto',NULL,NULL,'{}','2022-05-16 21:53:46','2022-05-16 21:53:46','2022-02-28'),(39,'Liang27','Test27','Test27 Liang27',1,'ljw@snda.com27','4156526400',NULL,NULL,'Toronto',NULL,NULL,'{}','2022-05-16 21:53:46','2022-05-16 21:53:46','2022-03-01'),(40,'Liang28','Test28','Test28 Liang28',0,'ljw@snda.com28','4156526401',NULL,NULL,'Toronto',NULL,NULL,'{}','2022-05-16 21:53:47','2022-05-16 21:53:47','2022-03-02'),(41,'Liang29','Test29','Test29 Liang29',1,'ljw@snda.com29','4156526402',NULL,NULL,'Toronto',NULL,NULL,'{}','2022-05-16 21:53:47','2022-05-16 21:53:47','2022-03-03'),(42,'Liang30','Test30','Test30 Liang30',0,'ljw@snda.com30','4156526403',NULL,NULL,'Toronto',NULL,NULL,'{}','2022-05-16 21:53:47','2022-05-16 21:53:47','2022-03-04'),(43,'Liang31','Test31','Test31 Liang31',1,'ljw@snda.com31','4156526404',NULL,NULL,'Toronto',NULL,NULL,'{}','2022-05-16 21:53:47','2022-05-16 21:53:47','2022-03-05'),(44,'Liang32','Test32','Test32 Liang32',0,'ljw@snda.com32','4156526405',NULL,NULL,'Toronto',NULL,NULL,'{}','2022-05-16 21:53:47','2022-05-16 21:53:47','2022-03-06'),(45,'Liang33','Test33','Test33 Liang33',1,'ljw@snda.com33','4156526406',NULL,NULL,'Toronto',NULL,NULL,'{}','2022-05-16 21:53:47','2022-05-16 21:53:47','2022-03-07'),(46,'Liang34','Test34','Test34 Liang34',0,'ljw@snda.com34','4156526407',NULL,NULL,'Toronto',NULL,NULL,'{}','2022-05-16 21:53:47','2022-05-16 21:53:47','2022-03-08'),(47,'Liang35','Test35','Test35 Liang35',1,'ljw@snda.com35','4156526408',NULL,NULL,'Toronto',NULL,NULL,'{}','2022-05-16 21:53:47','2022-05-16 21:53:47','2022-03-09'),(48,'Liang36','Test36','Test36 Liang36',0,'ljw@snda.com36','4156526409',NULL,NULL,'Toronto',NULL,NULL,'{}','2022-05-16 21:53:47','2022-05-16 21:53:47','2022-03-10'),(49,'Liang37','Test37','Test37 Liang37',1,'ljw@snda.com37','4156526410',NULL,NULL,'Toronto',NULL,NULL,'{}','2022-05-16 21:53:47','2022-05-16 21:53:47','2022-03-11'),(50,'Liang38','Test38','Test38 Liang38',0,'ljw@snda.com38','4156526411',NULL,NULL,'Toronto',NULL,NULL,'{}','2022-05-16 21:53:47','2022-05-16 21:53:47','2022-03-12'),(51,'Liang39','Test39','Test39 Liang39',1,'ljw@snda.com39','4156526412',NULL,NULL,'Toronto',NULL,NULL,'{}','2022-05-16 21:53:47','2022-05-16 21:53:47','2022-03-13'),(52,'Liang40','Test40','Test40 Liang40',0,'ljw@snda.com40','4156526413',NULL,NULL,'Toronto',NULL,NULL,'{}','2022-05-16 21:53:47','2022-05-16 21:53:47','2022-03-14'),(53,'Liang41','Test41','Test41 Liang41',1,'ljw@snda.com41','4156526414',NULL,NULL,'Toronto',NULL,NULL,'{}','2022-05-16 21:53:47','2022-05-16 21:53:47','2022-03-15'),(54,'Liang42','Test42','Test42 Liang42',0,'ljw@snda.com42','4156526415',NULL,NULL,'Toronto',NULL,NULL,'{}','2022-05-16 21:53:47','2022-05-16 21:53:47','2022-03-16'),(55,'Liang43','Test43','Test43 Liang43',0,'ljw@snda.com43','4156526416',NULL,NULL,'Toronto',NULL,NULL,'{}','2022-05-16 21:53:47','2022-05-16 21:53:47','2022-03-17'),(56,'Liang44','Test44','Test44 Liang44',1,'ljw@snda.com44','4156526417',NULL,NULL,'Toronto',NULL,NULL,'{}','2022-05-16 21:53:47','2022-05-16 21:53:47','2022-03-18'),(57,'Liang45','Test45','Test45 Liang45',0,'ljw@snda.com45','4156526418',NULL,NULL,'Toronto',NULL,NULL,'{}','2022-05-16 21:53:47','2022-05-16 21:53:47','2022-03-19'),(58,'Liang46','Test46','Test46 Liang46',1,'ljw@snda.com46','4156526419',NULL,NULL,'Toronto',NULL,NULL,'{}','2022-05-16 21:53:47','2022-05-16 21:53:47','2022-03-20'),(59,'Liang47','Test47','Test47 Liang47',0,'ljw@snda.com47','4156526420',NULL,NULL,'Toronto',NULL,NULL,'{}','2022-05-16 21:53:47','2022-05-16 21:53:47','2022-03-21'),(60,'Liang48','Test48','Test48 Liang48',1,'ljw@snda.com48','4156526421',NULL,NULL,'Toronto',NULL,NULL,'{}','2022-05-16 21:53:47','2022-05-16 21:53:47','2022-03-22'),(61,'Liang49','Test49','Test49 Liang49',0,'ljw@snda.com49','4156526422',NULL,NULL,'Toronto',NULL,NULL,'{}','2022-05-16 21:53:47','2022-05-16 21:53:47','2022-03-23'),(62,'Liang50','Test50','Test50 Liang50',0,'ljw@snda.com50','4156526423',NULL,NULL,'Toronto',NULL,NULL,'{}','2022-05-16 21:53:47','2022-05-16 21:53:47','2022-03-24'),(63,'Liang51','Test51','Test51 Liang51',1,'ljw@snda.com51','4156526424',NULL,NULL,'Toronto',NULL,NULL,'{}','2022-05-16 21:53:47','2022-05-16 21:53:47','2022-03-25'),(64,'Liang52','Test52','Test52 Liang52',0,'ljw@snda.com52','4156526425',NULL,NULL,'Toronto',NULL,NULL,'{}','2022-05-16 21:53:47','2022-05-16 21:53:47','2022-03-26'),(65,'Liang53','Test53','Test53 Liang53',1,'ljw@snda.com53','4156526426',NULL,NULL,'Toronto',NULL,NULL,'{}','2022-05-16 21:53:47','2022-05-16 21:53:47','2022-03-27'),(66,'Liang54','Test54','Test54 Liang54',0,'ljw@snda.com54','4156526427',NULL,NULL,'Toronto',NULL,NULL,'{}','2022-05-16 21:53:47','2022-05-16 21:53:47','2022-03-28'),(67,'Liang55','Test55','Test55 Liang55',1,'ljw@snda.com55','4156526428',NULL,NULL,'Toronto',NULL,NULL,'{}','2022-05-16 21:53:47','2022-05-16 21:53:47','2022-03-29'),(68,'Liang56','Test56','Test56 Liang56',0,'ljw@snda.com56','4156526429',NULL,NULL,'Toronto',NULL,NULL,'{}','2022-05-16 21:53:47','2022-05-16 21:53:47','2022-03-30'),(69,'Liang57','Test57','Test57 Liang57',0,'ljw@snda.com57','4156526430',NULL,NULL,'Toronto',NULL,NULL,'{}','2022-05-16 21:53:47','2022-05-16 21:53:47','2022-03-31'),(70,'Liang58','Test58','Test58 Liang58',1,'ljw@snda.com58','4156526431',NULL,NULL,'Toronto',NULL,NULL,'{}','2022-05-16 21:53:47','2022-05-16 21:53:47','2022-04-01'),(71,'Liang59','Test59','Test59 Liang59',0,'ljw@snda.com59','4156526432',NULL,NULL,'Toronto',NULL,NULL,'{}','2022-05-16 21:53:47','2022-05-16 21:53:47','2022-04-02'),(72,'Liang60','Test60','Test60 Liang60',1,'ljw@snda.com60','4156526433',NULL,NULL,'Toronto',NULL,NULL,'{}','2022-05-16 21:53:47','2022-05-16 21:53:47','2022-04-03'),(73,'Liang61','Test61','Test61 Liang61',0,'ljw@snda.com61','4156526434',NULL,NULL,'Toronto',NULL,NULL,'{}','2022-05-16 21:53:47','2022-05-16 21:53:47','2022-04-04'),(74,'Liang62','Test62','Test62 Liang62',1,'ljw@snda.com62','4156526435',NULL,NULL,'Toronto',NULL,NULL,'{}','2022-05-16 21:53:47','2022-05-16 21:53:47','2022-04-05'),(75,'Liang63','Test63','Test63 Liang63',0,'ljw@snda.com63','4156526436',NULL,NULL,'Toronto',NULL,NULL,'{}','2022-05-16 21:53:47','2022-05-16 21:53:47','2022-04-06'),(76,'Liang64','Test64','Test64 Liang64',1,'ljw@snda.com64','4156526437',NULL,NULL,'Toronto',NULL,NULL,'{}','2022-05-16 21:53:47','2022-05-16 21:53:47','2022-04-07'),(77,'Liang65','Test65','Test65 Liang65',0,'ljw@snda.com65','4156526438',NULL,NULL,'Toronto',NULL,NULL,'{}','2022-05-16 21:53:47','2022-05-16 21:53:47','2022-04-08'),(78,'Liang66','Test66','Test66 Liang66',0,'ljw@snda.com66','4156526439',NULL,NULL,'Toronto',NULL,NULL,'{}','2022-05-16 21:53:47','2022-05-16 21:53:47','2022-04-09'),(79,'Liang67','Test67','Test67 Liang67',1,'ljw@snda.com67','4156526440',NULL,NULL,'Toronto',NULL,NULL,'{}','2022-05-16 21:53:47','2022-05-16 21:53:47','2022-04-10'),(80,'Liang68','Test68','Test68 Liang68',0,'ljw@snda.com68','4156526441',NULL,NULL,'Toronto',NULL,NULL,'{}','2022-05-16 21:53:47','2022-05-16 21:53:47','2022-04-11'),(81,'Liang69','Test69','Test69 Liang69',1,'ljw@snda.com69','4156526442',NULL,NULL,'Toronto',NULL,NULL,'{}','2022-05-16 21:53:47','2022-05-16 21:53:47','2022-04-12'),(82,'Liang70','Test70','Test70 Liang70',0,'ljw@snda.com70','4156526443',NULL,NULL,'Toronto',NULL,NULL,'{}','2022-05-16 21:53:47','2022-05-16 21:53:47','2022-04-13'),(83,'Liang71','Test71','Test71 Liang71',1,'ljw@snda.com71','4156526444',NULL,NULL,'Toronto',NULL,NULL,'{}','2022-05-16 21:53:47','2022-05-16 21:53:47','2022-04-14'),(84,'Liang72','Test72','Test72 Liang72',0,'ljw@snda.com72','4156526445',NULL,NULL,'Toronto',NULL,NULL,'{}','2022-05-16 21:53:47','2022-05-16 21:53:47','2022-04-15'),(85,'Liang73','Test73','Test73 Liang73',0,'ljw@snda.com73','4156526446',NULL,NULL,'Toronto',NULL,NULL,'{}','2022-05-16 21:53:47','2022-05-16 21:53:47','2022-04-16'),(86,'Liang74','Test74','Test74 Liang74',1,'ljw@snda.com74','4156526447',NULL,NULL,'Toronto',NULL,NULL,'{}','2022-05-16 21:53:47','2022-05-16 21:53:47','2022-04-17'),(87,'Liang75','Test75','Test75 Liang75',0,'ljw@snda.com75','4156526448',NULL,NULL,'Toronto',NULL,NULL,'{}','2022-05-16 21:53:47','2022-05-16 21:53:47','2022-04-18'),(88,'Liang76','Test76','Test76 Liang76',1,'ljw@snda.com76','4156526449',NULL,NULL,'Toronto',NULL,NULL,'{}','2022-05-16 21:53:47','2022-05-16 21:53:47','2022-04-19'),(89,'Liang77','Test77','Test77 Liang77',0,'ljw@snda.com77','4156526450',NULL,NULL,'Toronto',NULL,NULL,'{}','2022-05-16 21:53:47','2022-05-16 21:53:47','2022-04-20'),(90,'Liang78','Test78','Test78 Liang78',1,'ljw@snda.com78','4156526451',NULL,NULL,'Toronto',NULL,NULL,'{}','2022-05-16 21:53:47','2022-05-16 21:53:47','2022-04-21'),(91,'Liang79','Test79','Test79 Liang79',0,'ljw@snda.com79','4156526452',NULL,NULL,'Toronto',NULL,NULL,'{}','2022-05-16 21:53:47','2022-05-16 21:53:47','2022-04-22'),(92,'Liang80','Test80','Test80 Liang80',0,'ljw@snda.com80','4156526453',NULL,NULL,'Toronto',NULL,NULL,'{}','2022-05-16 21:53:47','2022-05-16 21:53:47','2022-04-23'),(93,'Liang81','Test81','Test81 Liang81',1,'ljw@snda.com81','4156526454',NULL,NULL,'Toronto',NULL,NULL,'{}','2022-05-16 21:53:47','2022-05-16 21:53:47','2022-04-24'),(94,'Liang82','Test82','Test82 Liang82',0,'ljw@snda.com82','4156526455',NULL,NULL,'Toronto',NULL,NULL,'{}','2022-05-16 21:53:47','2022-05-16 21:53:47','2022-04-25'),(95,'Liang83','Test83','Test83 Liang83',1,'ljw@snda.com83','4156526456',NULL,NULL,'Toronto',NULL,NULL,'{}','2022-05-16 21:53:47','2022-05-16 21:53:47','2022-04-26'),(96,'Liang84','Test84','Test84 Liang84',0,'ljw@snda.com84','4156526457',NULL,NULL,'Toronto',NULL,NULL,'{}','2022-05-16 21:53:48','2022-05-16 21:53:48','2022-04-27'),(97,'Liang85','Test85','Test85 Liang85',1,'ljw@snda.com85','4156526458',NULL,NULL,'Toronto',NULL,NULL,'{}','2022-05-16 21:53:48','2022-05-16 21:53:48','2022-04-28'),(98,'Liang86','Test86','Test86 Liang86',0,'ljw@snda.com86','4156526459',NULL,NULL,'Toronto',NULL,NULL,'{}','2022-05-16 21:53:48','2022-05-16 21:53:48','2022-04-29'),(99,'Liang87','Test87','Test87 Liang87',1,'ljw@snda.com87','4156526460',NULL,NULL,'Toronto',NULL,NULL,'{}','2022-05-16 21:53:48','2022-05-16 21:53:48','2022-04-30'),(100,'Liang88','Test88','Test88 Liang88',0,'ljw@snda.com88','4156526461',NULL,NULL,'Toronto',NULL,NULL,'{}','2022-05-16 21:53:48','2022-05-16 21:53:48','2022-05-01'),(101,'Liang89','Test89','Test89 Liang89',0,'ljw@snda.com89','4156526462',NULL,NULL,'Toronto',NULL,NULL,'{}','2022-05-16 21:53:48','2022-05-16 21:53:48','2022-05-02'),(102,'Liang90','Test90','Test90 Liang90',1,'ljw@snda.com90','4156526463',NULL,NULL,'Toronto',NULL,NULL,'{}','2022-05-16 21:53:48','2022-05-16 21:53:48','2022-05-03'),(103,'Liang91','Test91','Test91 Liang91',0,'ljw@snda.com91','4156526464',NULL,NULL,'Toronto',NULL,NULL,'{}','2022-05-16 21:53:48','2022-05-16 21:53:48','2022-05-04'),(104,'Liang92','Test92','Test92 Liang92',1,'ljw@snda.com92','4156526465',NULL,NULL,'Toronto',NULL,NULL,'{}','2022-05-16 21:53:48','2022-05-16 21:53:48','2022-05-05'),(105,'Liang93','Test93','Test93 Liang93',0,'ljw@snda.com93','4156526466',NULL,NULL,'Toronto',NULL,NULL,'{}','2022-05-16 21:53:48','2022-05-16 21:53:48','2022-05-06'),(106,'Liang94','Test94','Test94 Liang94',1,'ljw@snda.com94','4156526467',NULL,NULL,'Toronto',NULL,NULL,'{}','2022-05-16 21:53:48','2022-05-16 21:53:48','2022-05-07'),(107,'Liang95','Test95','Test95 Liang95',0,'ljw@snda.com95','4156526468',NULL,NULL,'Toronto',NULL,NULL,'{}','2022-05-16 21:53:48','2022-05-16 21:53:48','2022-05-08'),(108,'Liang96','Test96','Test96 Liang96',0,'ljw@snda.com96','4156526469',NULL,NULL,'Toronto',NULL,NULL,'{}','2022-05-16 21:53:48','2022-05-16 21:53:48','2022-05-09'),(109,'Liang97','Test97','Test97 Liang97',1,'ljw@snda.com97','4156526470',NULL,NULL,'Toronto',NULL,NULL,'{}','2022-05-16 21:53:48','2022-05-16 21:53:48','2022-05-10'),(110,'Liang98','Test98','Test98 Liang98',0,'ljw@snda.com98','4156526471',NULL,NULL,'Toronto',NULL,NULL,'{}','2022-05-16 21:53:48','2022-05-16 21:53:48','2022-05-11'),(111,'Liang99','Test99','Test99 Liang99',1,'ljw@snda.com99','4156526472',NULL,NULL,'Toronto',NULL,NULL,'{}','2022-05-16 21:53:48','2022-05-16 21:53:48','2022-05-12'),(112,'Liang100','Test100','Test100 Liang100',0,'ljw@snda.com100','4156526473',NULL,NULL,'Toronto',NULL,NULL,'{}','2022-05-16 21:53:48','2022-05-16 21:53:48','2022-05-13'),(113,'Liang101','Test101','Test101 Liang101',1,'ljw@snda.com101','4156526474',NULL,NULL,'Toronto',NULL,NULL,'{}','2022-05-16 21:53:48','2022-05-16 21:53:48','2022-05-14'),(114,'Liang102','Test102','Test102 Liang102',0,'ljw@snda.com102','4156526475',NULL,NULL,'Toronto',NULL,NULL,'{}','2022-05-16 21:53:49','2022-05-16 21:53:49','2022-05-15'),(115,'Liang103','Test103','Test103 Liang103',0,'ljw@snda.com103','4156526476',NULL,NULL,'Toronto',NULL,NULL,'{}','2022-05-16 21:53:49','2022-05-16 21:53:49','2022-05-16'),(116,'Liang104','Test104','Test104 Liang104',1,'ljw@snda.com104','4156526477',NULL,NULL,'Toronto',NULL,NULL,'{}','2022-05-16 21:53:49','2022-05-16 21:53:49','2022-05-17'),(117,'Liang105','Test105','Test105 Liang105',0,'ljw@snda.com105','4156526478',NULL,NULL,'Toronto',NULL,NULL,'{}','2022-05-16 21:53:49','2022-05-16 21:53:49','2022-05-18'),(118,'Liang106','Test106','Test106 Liang106',1,'ljw@snda.com106','4156526479',NULL,NULL,'Toronto',NULL,NULL,'{}','2022-05-16 21:53:49','2022-05-16 21:53:49','2022-05-19'),(119,'Liang107','Test107','Test107 Liang107',0,'ljw@snda.com107','4156526480',NULL,NULL,'Toronto',NULL,NULL,'{}','2022-05-16 21:53:49','2022-05-16 21:53:49','2022-05-20'),(120,'Liang108','Test108','Test108 Liang108',1,'ljw@snda.com108','4156526481',NULL,NULL,'Toronto',NULL,NULL,'{}','2022-05-16 21:53:49','2022-05-16 21:53:49','2022-05-21'),(121,'Liang109','Test109','Test109 Liang109',0,'ljw@snda.com109','4156526482',NULL,NULL,'Toronto',NULL,NULL,'{}','2022-05-16 21:53:49','2022-05-16 21:53:49','2022-05-22'),(122,'Liang110','Test110','Test110 Liang110',1,'ljw@snda.com110','4156526483',NULL,NULL,'Toronto',NULL,NULL,'{}','2022-05-16 21:53:49','2022-05-16 21:53:49','2022-05-23'),(123,'Liang111','Test111','Test111 Liang111',0,'ljw@snda.com111','4156526484',NULL,NULL,'Toronto',NULL,NULL,'{}','2022-05-16 21:53:49','2022-05-16 21:53:49','2022-05-24'),(124,'Liang112','Test112','Test112 Liang112',0,'ljw@snda.com112','4156526485',NULL,NULL,'Toronto',NULL,NULL,'{}','2022-05-16 21:53:49','2022-05-16 21:53:49','2022-05-25'),(125,'Liang113','Test113','Test113 Liang113',1,'ljw@snda.com113','4156526486',NULL,NULL,'Toronto',NULL,NULL,'{}','2022-05-16 21:53:49','2022-05-16 21:53:49','2022-05-26'),(126,'Liang114','Test114','Test114 Liang114',0,'ljw@snda.com114','4156526487',NULL,NULL,'Toronto',NULL,NULL,'{}','2022-05-16 21:53:49','2022-05-16 21:53:49','2022-05-27'),(127,'Liang115','Test115','Test115 Liang115',1,'ljw@snda.com115','4156526488',NULL,NULL,'Toronto',NULL,NULL,'{}','2022-05-16 21:53:49','2022-05-16 21:53:49','2022-05-28'),(128,'Liang116','Test116','Test116 Liang116',0,'ljw@snda.com116','4156526489',NULL,NULL,'Toronto',NULL,NULL,'{}','2022-05-16 21:53:49','2022-05-16 21:53:49','2022-05-29'),(129,'Liang117','Test117','Test117 Liang117',1,'ljw@snda.com117','4156526490',NULL,NULL,'Toronto',NULL,NULL,'{}','2022-05-16 21:53:49','2022-05-16 21:53:49','2022-05-30'),(130,'Liang118','Test118','Test118 Liang118',0,'ljw@snda.com118','4156526491',NULL,NULL,'Toronto',NULL,NULL,'{}','2022-05-16 21:53:49','2022-05-16 21:53:49','2022-05-31'),(131,'Liang119','Test119','Test119 Liang119',0,'ljw@snda.com119','4156526492',NULL,NULL,'Toronto',NULL,NULL,'{}','2022-05-16 21:53:49','2022-05-16 21:53:49','2022-06-01'),(132,'Liang120','Test120','Test120 Liang120',1,'ljw@snda.com120','4156526493',NULL,NULL,'Toronto',NULL,NULL,'{}','2022-05-16 21:53:49','2022-05-16 21:53:49','2022-06-02'),(133,'Liang121','Test121','Test121 Liang121',0,'ljw@snda.com121','4156526494',NULL,NULL,'Toronto',NULL,NULL,'{}','2022-05-16 21:53:49','2022-05-16 21:53:49','2022-06-03'),(134,'Liang122','Test122','Test122 Liang122',1,'ljw@snda.com122','4156526495',NULL,NULL,'Toronto',NULL,NULL,'{}','2022-05-16 21:53:49','2022-05-16 21:53:49','2022-06-04'),(135,'Liang123','Test123','Test123 Liang123',0,'ljw@snda.com123','4156526496',NULL,NULL,'Toronto',NULL,NULL,'{}','2022-05-16 21:53:49','2022-05-16 21:53:49','2022-06-05'),(136,'Liang124','Test124','Test124 Liang124',1,'ljw@snda.com124','4156526497',NULL,NULL,'Toronto',NULL,NULL,'{}','2022-05-16 21:53:49','2022-05-16 21:53:49','2022-06-06'),(137,'Liang125','Test125','Test125 Liang125',0,'ljw@snda.com125','4156526498',NULL,NULL,'Toronto',NULL,NULL,'{}','2022-05-16 21:53:49','2022-05-16 21:53:49','2022-06-07'),(138,'Liang126','Test126','Test126 Liang126',0,'ljw@snda.com126','4156526499',NULL,NULL,'Toronto',NULL,NULL,'{}','2022-05-16 21:53:49','2022-05-16 21:53:49','2022-06-08'),(139,'Liang127','Test127','Test127 Liang127',1,'ljw@snda.com127','4156526500',NULL,NULL,'Toronto',NULL,NULL,'{}','2022-05-16 21:53:49','2022-05-16 21:53:49','2022-06-09'),(140,'Liang128','Test128','Test128 Liang128',0,'ljw@snda.com128','4156526501',NULL,NULL,'Toronto',NULL,NULL,'{}','2022-05-16 21:53:49','2022-05-16 21:53:49','2022-06-10'),(141,'Liang129','Test129','Test129 Liang129',1,'ljw@snda.com129','4156526502',NULL,NULL,'Toronto',NULL,NULL,'{}','2022-05-16 21:53:49','2022-05-16 21:53:49','2022-06-11'),(142,'Liang130','Test130','Test130 Liang130',0,'ljw@snda.com130','4156526503',NULL,NULL,'Toronto',NULL,NULL,'{}','2022-05-16 21:53:49','2022-05-16 21:53:49','2022-06-12'),(143,'Liang131','Test131','Test131 Liang131',1,'ljw@snda.com131','4156526504',NULL,NULL,'Toronto',NULL,NULL,'{}','2022-05-16 21:53:49','2022-05-16 21:53:49','2022-06-13'),(144,'Liang132','Test132','Test132 Liang132',0,'ljw@snda.com132','4156526505',NULL,NULL,'Toronto',NULL,NULL,'{}','2022-05-16 21:53:49','2022-05-16 21:53:49','2022-06-14'),(145,'Liang133','Test133','Test133 Liang133',1,'ljw@snda.com133','4156526506',NULL,NULL,'Toronto',NULL,NULL,'{}','2022-05-16 21:53:49','2022-05-16 21:53:49','2022-06-15'),(146,'Liang134','Test134','Test134 Liang134',0,'ljw@snda.com134','4156526507',NULL,NULL,'Toronto',NULL,NULL,'{}','2022-05-16 21:53:49','2022-05-16 21:53:49','2022-06-16'),(147,'Liang135','Test135','Test135 Liang135',0,'ljw@snda.com135','4156526508',NULL,NULL,'Toronto',NULL,NULL,'{}','2022-05-16 21:53:49','2022-05-16 21:53:49','2022-06-17'),(148,'Liang136','Test136','Test136 Liang136',1,'ljw@snda.com136','4156526509',NULL,NULL,'Toronto',NULL,NULL,'{}','2022-05-16 21:53:49','2022-05-16 21:53:49','2022-06-18'),(149,'Liang137','Test137','Test137 Liang137',0,'ljw@snda.com137','4156526510',NULL,NULL,'Toronto',NULL,NULL,'{}','2022-05-16 21:53:49','2022-05-16 21:53:49','2022-06-19'),(150,'Liang138','Test138','Test138 Liang138',1,'ljw@snda.com138','4156526511',NULL,NULL,'Toronto',NULL,NULL,'{}','2022-05-16 21:53:49','2022-05-16 21:53:49','2022-06-20'),(151,'Liang139','Test139','Test139 Liang139',0,'ljw@snda.com139','4156526512',NULL,NULL,'Toronto',NULL,NULL,'{}','2022-05-16 21:53:49','2022-05-16 21:53:49','2022-06-21'),(152,'Liang140','Test140','Test140 Liang140',1,'ljw@snda.com140','4156526513',NULL,NULL,'Toronto',NULL,NULL,'{}','2022-05-16 21:53:49','2022-05-16 21:53:49','2022-06-22'),(153,'Liang141','Test141','Test141 Liang141',0,'ljw@snda.com141','4156526514',NULL,NULL,'Toronto',NULL,NULL,'{}','2022-05-16 21:53:50','2022-05-16 21:53:50','2022-06-23'),(154,'Liang142','Test142','Test142 Liang142',0,'ljw@snda.com142','4156526515',NULL,NULL,'Toronto',NULL,NULL,'{}','2022-05-16 21:53:50','2022-05-16 21:53:50','2022-06-24'),(155,'Liang143','Test143','Test143 Liang143',1,'ljw@snda.com143','4156526516',NULL,NULL,'Toronto',NULL,NULL,'{}','2022-05-16 21:53:50','2022-05-16 21:53:50','2022-06-25'),(156,'Liang144','Test144','Test144 Liang144',0,'ljw@snda.com144','4156526517',NULL,NULL,'Toronto',NULL,NULL,'{}','2022-05-16 21:53:50','2022-05-16 21:53:50','2022-06-26'),(157,'Liang145','Test145','Test145 Liang145',1,'ljw@snda.com145','4156526518',NULL,NULL,'Toronto',NULL,NULL,'{}','2022-05-16 21:53:50','2022-05-16 21:53:50','2022-06-27'),(158,'Liang146','Test146','Test146 Liang146',0,'ljw@snda.com146','4156526519',NULL,NULL,'Toronto',NULL,NULL,'{}','2022-05-16 21:53:50','2022-05-16 21:53:50','2022-06-28'),(159,'Liang147','Test147','Test147 Liang147',1,'ljw@snda.com147','4156526520',NULL,NULL,'Toronto',NULL,NULL,'{}','2022-05-16 21:53:50','2022-05-16 21:53:50','2022-06-29'),(160,'Liang148','Test148','Test148 Liang148',0,'ljw@snda.com148','4156526521',NULL,NULL,'Toronto',NULL,NULL,'{}','2022-05-16 21:53:50','2022-05-16 21:53:50','2022-06-30'),(161,'Liang149','Test149','Test149 Liang149',0,'ljw@snda.com149','4156526522',NULL,NULL,'Toronto',NULL,NULL,'{}','2022-05-16 21:53:50','2022-05-16 21:53:50','2022-07-01'),(162,'Liang150','Test150','Test150 Liang150',1,'ljw@snda.com150','4156526523',NULL,NULL,'Toronto',NULL,NULL,'{}','2022-05-16 21:53:50','2022-05-16 21:53:50','2022-07-02'),(163,'Liang151','Test151','Test151 Liang151',0,'ljw@snda.com151','4156526524',NULL,NULL,'Toronto',NULL,NULL,'{}','2022-05-16 21:53:50','2022-05-16 21:53:50','2022-07-03'),(164,'Liang152','Test152','Test152 Liang152',1,'ljw@snda.com152','4156526525',NULL,NULL,'Toronto',NULL,NULL,'{}','2022-05-16 21:53:50','2022-05-16 21:53:50','2022-07-04'),(165,'Liang153','Test153','Test153 Liang153',0,'ljw@snda.com153','4156526526',NULL,NULL,'Toronto',NULL,NULL,'{}','2022-05-16 21:53:50','2022-05-16 21:53:50','2022-07-05'),(166,'Liang154','Test154','Test154 Liang154',1,'ljw@snda.com154','4156526527',NULL,NULL,'Toronto',NULL,NULL,'{}','2022-05-16 21:53:50','2022-05-16 21:53:50','2022-07-06'),(167,'Liang155','Test155','Test155 Liang155',0,'ljw@snda.com155','4156526528',NULL,NULL,'Toronto',NULL,NULL,'{}','2022-05-16 21:53:50','2022-05-16 21:53:50','2022-07-07'),(168,'Liang156','Test156','Test156 Liang156',1,'ljw@snda.com156','4156526529',NULL,NULL,'Toronto',NULL,NULL,'{}','2022-05-16 21:53:50','2022-05-16 21:53:50','2022-07-08'),(169,'Liang157','Test157','Test157 Liang157',0,'ljw@snda.com157','4156526530',NULL,NULL,'Toronto',NULL,NULL,'{}','2022-05-16 21:53:50','2022-05-16 21:53:50','2022-07-09'),(170,'Liang158','Test158','Test158 Liang158',0,'ljw@snda.com158','4156526531',NULL,NULL,'Toronto',NULL,NULL,'{}','2022-05-16 21:53:50','2022-05-16 21:53:50','2022-07-10'),(171,'Liang159','Test159','Test159 Liang159',1,'ljw@snda.com159','4156526532',NULL,NULL,'Toronto',NULL,NULL,'{}','2022-05-16 21:53:50','2022-05-16 21:53:50','2022-07-11'),(172,'Liang160','Test160','Test160 Liang160',0,'ljw@snda.com160','4156526533',NULL,NULL,'Toronto',NULL,NULL,'{}','2022-05-16 21:53:50','2022-05-16 21:53:50','2022-07-12'),(173,'Liang161','Test161','Test161 Liang161',1,'ljw@snda.com161','4156526534',NULL,NULL,'Toronto',NULL,NULL,'{}','2022-05-16 21:53:50','2022-05-16 21:53:50','2022-07-13'),(174,'Liang162','Test162','Test162 Liang162',0,'ljw@snda.com162','4156526535',NULL,NULL,'Toronto',NULL,NULL,'{}','2022-05-16 21:53:50','2022-05-16 21:53:50','2022-07-14'),(175,'Liang163','Test163','Test163 Liang163',1,'ljw@snda.com163','4156526536',NULL,NULL,'Toronto',NULL,NULL,'{}','2022-05-16 21:53:50','2022-05-16 21:53:50','2022-07-15'),(176,'Liang164','Test164','Test164 Liang164',0,'ljw@snda.com164','4156526537',NULL,NULL,'Toronto',NULL,NULL,'{}','2022-05-16 21:53:50','2022-05-16 21:53:50','2022-07-16'),(177,'Liang165','Test165','Test165 Liang165',0,'ljw@snda.com165','4156526538',NULL,NULL,'Toronto',NULL,NULL,'{}','2022-05-16 21:53:50','2022-05-16 21:53:50','2022-07-17'),(178,'Liang166','Test166','Test166 Liang166',1,'ljw@snda.com166','4156526539',NULL,NULL,'Toronto',NULL,NULL,'{}','2022-05-16 21:53:50','2022-05-16 21:53:50','2022-07-18'),(179,'Liang167','Test167','Test167 Liang167',0,'ljw@snda.com167','4156526540',NULL,NULL,'Toronto',NULL,NULL,'{}','2022-05-16 21:53:50','2022-05-16 21:53:50','2022-07-19'),(180,'Liang168','Test168','Test168 Liang168',1,'ljw@snda.com168','4156526541',NULL,NULL,'Toronto',NULL,NULL,'{}','2022-05-16 21:53:50','2022-05-16 21:53:50','2022-07-20'),(181,'Liang169','Test169','Test169 Liang169',0,'ljw@snda.com169','4156526542',NULL,NULL,'Toronto',NULL,NULL,'{}','2022-05-16 21:53:50','2022-05-16 21:53:50','2022-07-21'),(182,'Liang170','Test170','Test170 Liang170',1,'ljw@snda.com170','4156526543',NULL,NULL,'Toronto',NULL,NULL,'{}','2022-05-16 21:53:50','2022-05-16 21:53:50','2022-07-22'),(183,'Liang171','Test171','Test171 Liang171',0,'ljw@snda.com171','4156526544',NULL,NULL,'Toronto',NULL,NULL,'{}','2022-05-16 21:53:50','2022-05-16 21:53:50','2022-07-23'),(184,'Liang172','Test172','Test172 Liang172',0,'ljw@snda.com172','4156526545',NULL,NULL,'Toronto',NULL,NULL,'{}','2022-05-16 21:53:50','2022-05-16 21:53:50','2022-07-24'),(185,'Liang173','Test173','Test173 Liang173',1,'ljw@snda.com173','4156526546',NULL,NULL,'Toronto',NULL,NULL,'{}','2022-05-16 21:53:50','2022-05-16 21:53:50','2022-07-25'),(186,'Liang174','Test174','Test174 Liang174',0,'ljw@snda.com174','4156526547',NULL,NULL,'Toronto',NULL,NULL,'{}','2022-05-16 21:53:50','2022-05-16 21:53:50','2022-07-26'),(187,'Liang175','Test175','Test175 Liang175',1,'ljw@snda.com175','4156526548',NULL,NULL,'Toronto',NULL,NULL,'{}','2022-05-16 21:53:50','2022-05-16 21:53:50','2022-07-27'),(188,'Liang176','Test176','Test176 Liang176',0,'ljw@snda.com176','4156526549',NULL,NULL,'Toronto',NULL,NULL,'{}','2022-05-16 21:53:50','2022-05-16 21:53:50','2022-07-28'),(189,'Liang177','Test177','Test177 Liang177',1,'ljw@snda.com177','4156526550',NULL,NULL,'Toronto',NULL,NULL,'{}','2022-05-16 21:53:50','2022-05-16 21:53:50','2022-07-29'),(190,'Liang178','Test178','Test178 Liang178',0,'ljw@snda.com178','4156526551',NULL,NULL,'Toronto',NULL,NULL,'{}','2022-05-16 21:53:50','2022-05-16 21:53:50','2022-07-30'),(191,'Liang179','Test179','Test179 Liang179',1,'ljw@snda.com179','4156526552',NULL,NULL,'Toronto',NULL,NULL,'{}','2022-05-16 21:53:50','2022-05-16 21:53:50','2022-07-31'),(192,'Liang180','Test180','Test180 Liang180',0,'ljw@snda.com180','4156526553',NULL,NULL,'Toronto',NULL,NULL,'{}','2022-05-16 21:53:50','2022-05-16 21:53:50','2022-08-01'),(193,'Liang181','Test181','Test181 Liang181',0,'ljw@snda.com181','4156526554',NULL,NULL,'Toronto',NULL,NULL,'{}','2022-05-16 21:53:50','2022-05-16 21:53:50','2022-08-02'),(194,'Liang182','Test182','Test182 Liang182',1,'ljw@snda.com182','4156526555',NULL,NULL,'Toronto',NULL,NULL,'{}','2022-05-16 21:53:50','2022-05-16 21:53:50','2022-08-03'),(195,'Liang183','Test183','Test183 Liang183',0,'ljw@snda.com183','4156526556',NULL,NULL,'Toronto',NULL,NULL,'{}','2022-05-16 21:53:50','2022-05-16 21:53:50','2022-08-04'),(196,'Liang184','Test184','Test184 Liang184',1,'ljw@snda.com184','4156526557',NULL,NULL,'Toronto',NULL,NULL,'{}','2022-05-16 21:53:50','2022-05-16 21:53:50','2022-08-05'),(197,'Liang185','Test185','Test185 Liang185',0,'ljw@snda.com185','4156526558',NULL,NULL,'Toronto',NULL,NULL,'{}','2022-05-16 21:53:50','2022-05-16 21:53:50','2022-08-06'),(198,'Liang186','Test186','Test186 Liang186',1,'ljw@snda.com186','4156526559',NULL,NULL,'Toronto',NULL,NULL,'{}','2022-05-16 21:53:50','2022-05-16 21:53:50','2022-08-07'),(199,'Liang187','Test187','Test187 Liang187',0,'ljw@snda.com187','4156526560',NULL,NULL,'Toronto',NULL,NULL,'{}','2022-05-16 21:53:50','2022-05-16 21:53:50','2022-08-08'),(200,'Liang188','Test188','Test188 Liang188',0,'ljw@snda.com188','4156526561',NULL,NULL,'Toronto',NULL,NULL,'{}','2022-05-16 21:53:50','2022-05-16 21:53:50','2022-08-09'),(201,'Liang189','Test189','Test189 Liang189',1,'ljw@snda.com189','4156526562',NULL,NULL,'Toronto',NULL,NULL,'{}','2022-05-16 21:53:50','2022-05-16 21:53:50','2022-08-10'),(202,'Liang190','Test190','Test190 Liang190',0,'ljw@snda.com190','4156526563',NULL,NULL,'Toronto',NULL,NULL,'{}','2022-05-16 21:53:50','2022-05-16 21:53:50','2022-08-11'),(203,'Liang191','Test191','Test191 Liang191',1,'ljw@snda.com191','4156526564',NULL,NULL,'Toronto',NULL,NULL,'{}','2022-05-16 21:53:50','2022-05-16 21:53:50','2022-08-12'),(204,'Liang192','Test192','Test192 Liang192',0,'ljw@snda.com192','4156526565',NULL,NULL,'Toronto',NULL,NULL,'{}','2022-05-16 21:53:50','2022-05-16 21:53:50','2022-08-13'),(205,'Liang193','Test193','Test193 Liang193',1,'ljw@snda.com193','4156526566',NULL,NULL,'Toronto',NULL,NULL,'{}','2022-05-16 21:53:50','2022-05-16 21:53:50','2022-08-14'),(206,'Liang194','Test194','Test194 Liang194',0,'ljw@snda.com194','4156526567',NULL,NULL,'Toronto',NULL,NULL,'{}','2022-05-16 21:53:50','2022-05-16 21:53:50','2022-08-15'),(207,'Liang195','Test195','Test195 Liang195',0,'ljw@snda.com195','4156526568',NULL,NULL,'Toronto',NULL,NULL,'{}','2022-05-16 21:53:50','2022-05-16 21:53:50','2022-08-16'),(208,'Liang196','Test196','Test196 Liang196',1,'ljw@snda.com196','4156526569',NULL,NULL,'Toronto',NULL,NULL,'{}','2022-05-16 21:53:50','2022-05-16 21:53:50','2022-08-17'),(209,'Liang197','Test197','Test197 Liang197',0,'ljw@snda.com197','4156526570',NULL,NULL,'Toronto',NULL,NULL,'{}','2022-05-16 21:53:50','2022-05-16 21:53:50','2022-08-18'),(210,'Liang198','Test198','Test198 Liang198',1,'ljw@snda.com198','4156526571',NULL,NULL,'Toronto',NULL,NULL,'{}','2022-05-16 21:53:50','2022-05-16 21:53:50','2022-08-19'),(211,'Liang199','Test199','Test199 Liang199',0,'ljw@snda.com199','4156526572',NULL,NULL,'Toronto',NULL,NULL,'{}','2022-05-16 21:53:50','2022-05-16 21:53:50','2022-08-20'),(212,'Liang200','Test200','Test200 Liang200',1,'ljw@snda.com200','4156526573',NULL,NULL,'Toronto',NULL,NULL,'{}','2022-05-16 21:53:50','2022-05-16 21:53:50','2022-08-21'),(213,'Liang201','Test201','Test201 Liang201',0,'ljw@snda.com201','4156526574',NULL,NULL,'Toronto',NULL,NULL,'{}','2022-05-16 21:53:50','2022-05-16 21:53:50','2022-08-22'),(214,'Liang202','Test202','Test202 Liang202',1,'ljw@snda.com202','4156526575',NULL,NULL,'Toronto',NULL,NULL,'{}','2022-05-16 21:53:50','2022-05-16 21:53:50','2022-08-23'),(215,'Liang203','Test203','Test203 Liang203',0,'ljw@snda.com203','4156526576',NULL,NULL,'Toronto',NULL,NULL,'{}','2022-05-16 21:53:50','2022-05-16 21:53:50','2022-08-24'),(216,'Liang204','Test204','Test204 Liang204',0,'ljw@snda.com204','4156526577',NULL,NULL,'Toronto',NULL,NULL,'{}','2022-05-16 21:53:50','2022-05-16 21:53:50','2022-08-25'),(217,'Liang205','Test205','Test205 Liang205',1,'ljw@snda.com205','4156526578',NULL,NULL,'Toronto',NULL,NULL,'{}','2022-05-16 21:53:50','2022-05-16 21:53:50','2022-08-26'),(218,'Liang206','Test206','Test206 Liang206',0,'ljw@snda.com206','4156526579',NULL,NULL,'Toronto',NULL,NULL,'{}','2022-05-16 21:53:50','2022-05-16 21:53:50','2022-08-27'),(219,'Liang207','Test207','Test207 Liang207',1,'ljw@snda.com207','4156526580',NULL,NULL,'Toronto',NULL,NULL,'{}','2022-05-16 21:53:50','2022-05-16 21:53:50','2022-08-28'),(220,'Liang208','Test208','Test208 Liang208',0,'ljw@snda.com208','4156526581',NULL,NULL,'Toronto',NULL,NULL,'{}','2022-05-16 21:53:50','2022-05-16 21:53:50','2022-08-29'),(221,'Liang209','Test209','Test209 Liang209',1,'ljw@snda.com209','4156526582',NULL,NULL,'Toronto',NULL,NULL,'{}','2022-05-16 21:53:50','2022-05-16 21:53:50','2022-08-30'),(222,'Liang210','Test210','Test210 Liang210',0,'ljw@snda.com210','4156526583',NULL,NULL,'Toronto',NULL,NULL,'{}','2022-05-16 21:53:50','2022-05-16 21:53:50','2022-08-31'),(223,'Liang211','Test211','Test211 Liang211',0,'ljw@snda.com211','4156526584',NULL,NULL,'Toronto',NULL,NULL,'{}','2022-05-16 21:53:51','2022-05-16 21:53:51','2022-09-01'),(224,'Liang212','Test212','Test212 Liang212',1,'ljw@snda.com212','4156526585',NULL,NULL,'Toronto',NULL,NULL,'{}','2022-05-16 21:53:51','2022-05-16 21:53:51','2022-09-02'),(225,'Liang213','Test213','Test213 Liang213',0,'ljw@snda.com213','4156526586',NULL,NULL,'Toronto',NULL,NULL,'{}','2022-05-16 21:53:51','2022-05-16 21:53:51','2022-09-03'),(226,'Liang214','Test214','Test214 Liang214',1,'ljw@snda.com214','4156526587',NULL,NULL,'Toronto',NULL,NULL,'{}','2022-05-16 21:53:51','2022-05-16 21:53:51','2022-09-04'),(227,'Liang215','Test215','Test215 Liang215',0,'ljw@snda.com215','4156526588',NULL,NULL,'Toronto',NULL,NULL,'{}','2022-05-16 21:53:51','2022-05-16 21:53:51','2022-09-05'),(228,'Liang216','Test216','Test216 Liang216',1,'ljw@snda.com216','4156526589',NULL,NULL,'Toronto',NULL,NULL,'{}','2022-05-16 21:53:51','2022-05-16 21:53:51','2022-09-06'),(229,'Liang217','Test217','Test217 Liang217',0,'ljw@snda.com217','4156526590',NULL,NULL,'Toronto',NULL,NULL,'{}','2022-05-16 21:53:51','2022-05-16 21:53:51','2022-09-07'),(230,'Liang218','Test218','Test218 Liang218',0,'ljw@snda.com218','4156526591',NULL,NULL,'Toronto',NULL,NULL,'{}','2022-05-16 21:53:51','2022-05-16 21:53:51','2022-09-08'),(231,'Liang219','Test219','Test219 Liang219',1,'ljw@snda.com219','4156526592',NULL,NULL,'Toronto',NULL,NULL,'{}','2022-05-16 21:53:51','2022-05-16 21:53:51','2022-09-09'),(232,'Liang220','Test220','Test220 Liang220',0,'ljw@snda.com220','4156526593',NULL,NULL,'Toronto',NULL,NULL,'{}','2022-05-16 21:53:51','2022-05-16 21:53:51','2022-09-10'),(233,'Liang221','Test221','Test221 Liang221',1,'ljw@snda.com221','4156526594',NULL,NULL,'Toronto',NULL,NULL,'{}','2022-05-16 21:53:51','2022-05-16 21:53:51','2022-09-11'),(234,'Liang222','Test222','Test222 Liang222',0,'ljw@snda.com222','4156526595',NULL,NULL,'Toronto',NULL,NULL,'{}','2022-05-16 21:53:51','2022-05-16 21:53:51','2022-09-12'),(235,'Liang223','Test223','Test223 Liang223',1,'ljw@snda.com223','4156526596',NULL,NULL,'Toronto',NULL,NULL,'{}','2022-05-16 21:53:51','2022-05-16 21:53:51','2022-09-13'),(236,'Liang224','Test224','Test224 Liang224',0,'ljw@snda.com224','4156526597',NULL,NULL,'Toronto',NULL,NULL,'{}','2022-05-16 21:53:51','2022-05-16 21:53:51','2022-09-14'),(237,'Liang225','Test225','Test225 Liang225',1,'ljw@snda.com225','4156526598',NULL,NULL,'Toronto',NULL,NULL,'{}','2022-05-16 21:53:51','2022-05-16 21:53:51','2022-09-15'),(238,'Liang226','Test226','Test226 Liang226',0,'ljw@snda.com226','4156526599',NULL,NULL,'Toronto',NULL,NULL,'{}','2022-05-16 21:53:51','2022-05-16 21:53:51','2022-09-16'),(239,'Liang227','Test227','Test227 Liang227',0,'ljw@snda.com227','4156526600',NULL,NULL,'Toronto',NULL,NULL,'{}','2022-05-16 21:53:51','2022-05-16 21:53:51','2022-09-17'),(240,'Liang228','Test228','Test228 Liang228',1,'ljw@snda.com228','4156526601',NULL,NULL,'Toronto',NULL,NULL,'{}','2022-05-16 21:53:51','2022-05-16 21:53:51','2022-09-18'),(241,'Liang229','Test229','Test229 Liang229',0,'ljw@snda.com229','4156526602',NULL,NULL,'Toronto',NULL,NULL,'{}','2022-05-16 21:53:51','2022-05-16 21:53:51','2022-09-19'),(242,'Liang230','Test230','Test230 Liang230',1,'ljw@snda.com230','4156526603',NULL,NULL,'Toronto',NULL,NULL,'{}','2022-05-16 21:53:51','2022-05-16 21:53:51','2022-09-20'),(243,'Liang231','Test231','Test231 Liang231',0,'ljw@snda.com231','4156526604',NULL,NULL,'Toronto',NULL,NULL,'{}','2022-05-16 21:53:51','2022-05-16 21:53:51','2022-09-21'),(244,'Liang232','Test232','Test232 Liang232',1,'ljw@snda.com232','4156526605',NULL,NULL,'Toronto',NULL,NULL,'{}','2022-05-16 21:53:51','2022-05-16 21:53:51','2022-09-22'),(245,'Liang233','Test233','Test233 Liang233',0,'ljw@snda.com233','4156526606',NULL,NULL,'Toronto',NULL,NULL,'{}','2022-05-16 21:53:51','2022-05-16 21:53:51','2022-09-23'),(246,'Liang234','Test234','Test234 Liang234',0,'ljw@snda.com234','4156526607',NULL,NULL,'Toronto',NULL,NULL,'{}','2022-05-16 21:53:51','2022-05-16 21:53:51','2022-09-24'),(247,'Liang235','Test235','Test235 Liang235',1,'ljw@snda.com235','4156526608',NULL,NULL,'Toronto',NULL,NULL,'{}','2022-05-16 21:53:51','2022-05-16 21:53:51','2022-09-25'),(248,'Liang236','Test236','Test236 Liang236',0,'ljw@snda.com236','4156526609',NULL,NULL,'Toronto',NULL,NULL,'{}','2022-05-16 21:53:51','2022-05-16 21:53:51','2022-09-26'),(249,'Liang237','Test237','Test237 Liang237',1,'ljw@snda.com237','4156526610',NULL,NULL,'Toronto',NULL,NULL,'{}','2022-05-16 21:53:51','2022-05-16 21:53:51','2022-09-27'),(250,'Liang238','Test238','Test238 Liang238',0,'ljw@snda.com238','4156526611',NULL,NULL,'Toronto',NULL,NULL,'{}','2022-05-16 21:53:51','2022-05-16 21:53:51','2022-09-28'),(251,'Liang239','Test239','Test239 Liang239',1,'ljw@snda.com239','4156526612',NULL,NULL,'Toronto',NULL,NULL,'{}','2022-05-16 21:53:51','2022-05-16 21:53:51','2022-09-29'),(252,'Liang240','Test240','Test240 Liang240',0,'ljw@snda.com240','4156526613',NULL,NULL,'Toronto',NULL,NULL,'{}','2022-05-16 21:53:51','2022-05-16 21:53:51','2022-09-30'),(253,'Liang241','Test241','Test241 Liang241',0,'ljw@snda.com241','4156526614',NULL,NULL,'Toronto',NULL,NULL,'{}','2022-05-16 21:53:51','2022-05-16 21:53:51','2022-10-01'),(254,'Liang242','Test242','Test242 Liang242',1,'ljw@snda.com242','4156526615',NULL,NULL,'Toronto',NULL,NULL,'{}','2022-05-16 21:53:51','2022-05-16 21:53:51','2022-10-02'),(255,'Liang243','Test243','Test243 Liang243',0,'ljw@snda.com243','4156526616',NULL,NULL,'Toronto',NULL,NULL,'{}','2022-05-16 21:53:51','2022-05-16 21:53:51','2022-10-03'),(256,'Liang244','Test244','Test244 Liang244',1,'ljw@snda.com244','4156526617',NULL,NULL,'Toronto',NULL,NULL,'{}','2022-05-16 21:53:51','2022-05-16 21:53:51','2022-10-04'),(257,'Liang245','Test245','Test245 Liang245',0,'ljw@snda.com245','4156526618',NULL,NULL,'Toronto',NULL,NULL,'{}','2022-05-16 21:53:51','2022-05-16 21:53:51','2022-10-05'),(258,'Liang246','Test246','Test246 Liang246',1,'ljw@snda.com246','4156526619',NULL,NULL,'Toronto',NULL,NULL,'{}','2022-05-16 21:53:51','2022-05-16 21:53:51','2022-10-06'),(259,'Liang247','Test247','Test247 Liang247',0,'ljw@snda.com247','4156526620',NULL,NULL,'Toronto',NULL,NULL,'{}','2022-05-16 21:53:51','2022-05-16 21:53:51','2022-10-07'),(260,'Liang248','Test248','Test248 Liang248',1,'ljw@snda.com248','4156526621',NULL,NULL,'Toronto',NULL,NULL,'{}','2022-05-16 21:53:51','2022-05-16 21:53:51','2022-10-08'),(261,'Liang249','Test249','Test249 Liang249',0,'ljw@snda.com249','4156526622',NULL,NULL,'Toronto',NULL,NULL,'{}','2022-05-16 21:53:51','2022-05-16 21:53:51','2022-10-09'),(262,'Liang250','Test250','Test250 Liang250',0,'ljw@snda.com250','4156526623',NULL,NULL,'Toronto',NULL,NULL,'{}','2022-05-16 21:53:51','2022-05-16 21:53:51','2022-10-10'),(263,'Liang251','Test251','Test251 Liang251',1,'ljw@snda.com251','4156526624',NULL,NULL,'Toronto',NULL,NULL,'{}','2022-05-16 21:53:51','2022-05-16 21:53:51','2022-10-11'),(264,'Liang252','Test252','Test252 Liang252',0,'ljw@snda.com252','4156526625',NULL,NULL,'Toronto',NULL,NULL,'{}','2022-05-16 21:53:51','2022-05-16 21:53:51','2022-10-12'),(265,'Liang253','Test253','Test253 Liang253',1,'ljw@snda.com253','4156526626',NULL,NULL,'Toronto',NULL,NULL,'{}','2022-05-16 21:53:51','2022-05-16 21:53:51','2022-10-13'),(266,'Liang254','Test254','Test254 Liang254',0,'ljw@snda.com254','4156526627',NULL,NULL,'Toronto',NULL,NULL,'{}','2022-05-16 21:53:51','2022-05-16 21:53:51','2022-10-14'),(267,'Liang255','Test255','Test255 Liang255',1,'ljw@snda.com255','4156526628',NULL,NULL,'Toronto',NULL,NULL,'{}','2022-05-16 21:53:51','2022-05-16 21:53:51','2022-10-15'),(268,'Liang256','Test256','Test256 Liang256',0,'ljw@snda.com256','4156526629',NULL,NULL,'Toronto',NULL,NULL,'{}','2022-05-16 21:53:51','2022-05-16 21:53:51','2022-10-16'),(269,'Liang257','Test257','Test257 Liang257',0,'ljw@snda.com257','4156526630',NULL,NULL,'Toronto',NULL,NULL,'{}','2022-05-16 21:53:51','2022-05-16 21:53:51','2022-10-17'),(270,'Liang258','Test258','Test258 Liang258',1,'ljw@snda.com258','4156526631',NULL,NULL,'Toronto',NULL,NULL,'{}','2022-05-16 21:53:51','2022-05-16 21:53:51','2022-10-18'),(271,'Liang259','Test259','Test259 Liang259',0,'ljw@snda.com259','4156526632',NULL,NULL,'Toronto',NULL,NULL,'{}','2022-05-16 21:53:51','2022-05-16 21:53:51','2022-10-19'),(272,'Liang260','Test260','Test260 Liang260',1,'ljw@snda.com260','4156526633',NULL,NULL,'Toronto',NULL,NULL,'{}','2022-05-16 21:53:51','2022-05-16 21:53:51','2022-10-20'),(273,'Liang261','Test261','Test261 Liang261',0,'ljw@snda.com261','4156526634',NULL,NULL,'Toronto',NULL,NULL,'{}','2022-05-16 21:53:51','2022-05-16 21:53:51','2022-10-21'),(274,'Liang262','Test262','Test262 Liang262',1,'ljw@snda.com262','4156526635',NULL,NULL,'Toronto',NULL,NULL,'{}','2022-05-16 21:53:51','2022-05-16 21:53:51','2022-10-22'),(275,'Liang263','Test263','Test263 Liang263',0,'ljw@snda.com263','4156526636',NULL,NULL,'Toronto',NULL,NULL,'{}','2022-05-16 21:53:51','2022-05-16 21:53:51','2022-10-23'),(276,'Liang264','Test264','Test264 Liang264',0,'ljw@snda.com264','4156526637',NULL,NULL,'Toronto',NULL,NULL,'{}','2022-05-16 21:53:51','2022-05-16 21:53:51','2022-10-24'),(277,'Liang265','Test265','Test265 Liang265',1,'ljw@snda.com265','4156526638',NULL,NULL,'Toronto',NULL,NULL,'{}','2022-05-16 21:53:51','2022-05-16 21:53:51','2022-10-25'),(278,'Liang266','Test266','Test266 Liang266',0,'ljw@snda.com266','4156526639',NULL,NULL,'Toronto',NULL,NULL,'{}','2022-05-16 21:53:51','2022-05-16 21:53:51','2022-10-26'),(279,'Liang267','Test267','Test267 Liang267',1,'ljw@snda.com267','4156526640',NULL,NULL,'Toronto',NULL,NULL,'{}','2022-05-16 21:53:51','2022-05-16 21:53:51','2022-10-27'),(280,'Liang268','Test268','Test268 Liang268',0,'ljw@snda.com268','4156526641',NULL,NULL,'Toronto',NULL,NULL,'{}','2022-05-16 21:53:51','2022-05-16 21:53:51','2022-10-28'),(281,'Liang269','Test269','Test269 Liang269',1,'ljw@snda.com269','4156526642',NULL,NULL,'Toronto',NULL,NULL,'{}','2022-05-16 21:53:51','2022-05-16 21:53:51','2022-10-29'),(282,'Liang270','Test270','Test270 Liang270',0,'ljw@snda.com270','4156526643',NULL,NULL,'Toronto',NULL,NULL,'{}','2022-05-16 21:53:51','2022-05-16 21:53:51','2022-10-30'),(283,'Liang271','Test271','Test271 Liang271',1,'ljw@snda.com271','4156526644',NULL,NULL,'Toronto',NULL,NULL,'{}','2022-05-16 21:53:51','2022-05-16 21:53:51','2022-10-31'),(284,'Liang272','Test272','Test272 Liang272',0,'ljw@snda.com272','4156526645',NULL,NULL,'Toronto',NULL,NULL,'{}','2022-05-16 21:53:51','2022-05-16 21:53:51','2022-11-01'),(285,'Liang273','Test273','Test273 Liang273',0,'ljw@snda.com273','4156526646',NULL,NULL,'Toronto',NULL,NULL,'{}','2022-05-16 21:53:51','2022-05-16 21:53:51','2022-11-02'),(286,'Liang274','Test274','Test274 Liang274',1,'ljw@snda.com274','4156526647',NULL,NULL,'Toronto',NULL,NULL,'{}','2022-05-16 21:53:51','2022-05-16 21:53:51','2022-11-03'),(287,'Liang275','Test275','Test275 Liang275',0,'ljw@snda.com275','4156526648',NULL,NULL,'Toronto',NULL,NULL,'{}','2022-05-16 21:53:51','2022-05-16 21:53:51','2022-11-04'),(288,'Liang276','Test276','Test276 Liang276',1,'ljw@snda.com276','4156526649',NULL,NULL,'Toronto',NULL,NULL,'{}','2022-05-16 21:53:51','2022-05-16 21:53:51','2022-11-05'),(289,'Liang277','Test277','Test277 Liang277',0,'ljw@snda.com277','4156526650',NULL,NULL,'Toronto',NULL,NULL,'{}','2022-05-16 21:53:51','2022-05-16 21:53:51','2022-11-06'),(290,'Liang278','Test278','Test278 Liang278',1,'ljw@snda.com278','4156526651',NULL,NULL,'Toronto',NULL,NULL,'{}','2022-05-16 21:53:51','2022-05-16 21:53:51','2022-11-07'),(291,'Liang279','Test279','Test279 Liang279',0,'ljw@snda.com279','4156526652',NULL,NULL,'Toronto',NULL,NULL,'{}','2022-05-16 21:53:51','2022-05-16 21:53:51','2022-11-08'),(292,'Liang280','Test280','Test280 Liang280',0,'ljw@snda.com280','4156526653',NULL,NULL,'Toronto',NULL,NULL,'{}','2022-05-16 21:53:51','2022-05-16 21:53:51','2022-11-09'),(293,'Liang281','Test281','Test281 Liang281',1,'ljw@snda.com281','4156526654',NULL,NULL,'Toronto',NULL,NULL,'{}','2022-05-16 21:53:51','2022-05-16 21:53:51','2022-11-10'),(294,'Liang282','Test282','Test282 Liang282',0,'ljw@snda.com282','4156526655',NULL,NULL,'Toronto',NULL,NULL,'{}','2022-05-16 21:53:51','2022-05-16 21:53:51','2022-11-11'),(295,'Liang283','Test283','Test283 Liang283',1,'ljw@snda.com283','4156526656',NULL,NULL,'Toronto',NULL,NULL,'{}','2022-05-16 21:53:51','2022-05-16 21:53:51','2022-11-12'),(296,'Liang284','Test284','Test284 Liang284',0,'ljw@snda.com284','4156526657',NULL,NULL,'Toronto',NULL,NULL,'{}','2022-05-16 21:53:51','2022-05-16 21:53:51','2022-11-13'),(297,'Liang285','Test285','Test285 Liang285',1,'ljw@snda.com285','4156526658',NULL,NULL,'Toronto',NULL,NULL,'{}','2022-05-16 21:53:52','2022-05-16 21:53:52','2022-11-14'),(298,'Liang286','Test286','Test286 Liang286',0,'ljw@snda.com286','4156526659',NULL,NULL,'Toronto',NULL,NULL,'{}','2022-05-16 21:53:52','2022-05-16 21:53:52','2022-11-15'),(299,'Liang287','Test287','Test287 Liang287',0,'ljw@snda.com287','4156526660',NULL,NULL,'Toronto',NULL,NULL,'{}','2022-05-16 21:53:52','2022-05-16 21:53:52','2022-11-16'),(300,'Liang288','Test288','Test288 Liang288',1,'ljw@snda.com288','4156526661',NULL,NULL,'Toronto',NULL,NULL,'{}','2022-05-16 21:53:52','2022-05-16 21:53:52','2022-11-17'),(301,'Liang289','Test289','Test289 Liang289',0,'ljw@snda.com289','4156526662',NULL,NULL,'Toronto',NULL,NULL,'{}','2022-05-16 21:53:52','2022-05-16 21:53:52','2022-11-18'),(302,'Liang290','Test290','Test290 Liang290',1,'ljw@snda.com290','4156526663',NULL,NULL,'Toronto',NULL,NULL,'{}','2022-05-16 21:53:52','2022-05-16 21:53:52','2022-11-19'),(303,'Liang291','Test291','Test291 Liang291',0,'ljw@snda.com291','4156526664',NULL,NULL,'Toronto',NULL,NULL,'{}','2022-05-16 21:53:52','2022-05-16 21:53:52','2022-11-20'),(304,'Liang292','Test292','Test292 Liang292',1,'ljw@snda.com292','4156526665',NULL,NULL,'Toronto',NULL,NULL,'{}','2022-05-16 21:53:52','2022-05-16 21:53:52','2022-11-21'),(305,'Liang293','Test293','Test293 Liang293',0,'ljw@snda.com293','4156526666',NULL,NULL,'Toronto',NULL,NULL,'{}','2022-05-16 21:53:52','2022-05-16 21:53:52','2022-11-22'),(306,'Liang294','Test294','Test294 Liang294',1,'ljw@snda.com294','4156526667',NULL,NULL,'Toronto',NULL,NULL,'{}','2022-05-16 21:53:52','2022-05-16 21:53:52','2022-11-23'),(307,'Liang295','Test295','Test295 Liang295',0,'ljw@snda.com295','4156526668',NULL,NULL,'Toronto',NULL,NULL,'{}','2022-05-16 21:53:52','2022-05-16 21:53:52','2022-11-24'),(308,'Liang296','Test296','Test296 Liang296',0,'ljw@snda.com296','4156526669',NULL,NULL,'Toronto',NULL,NULL,'{}','2022-05-16 21:53:52','2022-05-16 21:53:52','2022-11-25'),(309,'Liang297','Test297','Test297 Liang297',1,'ljw@snda.com297','4156526670',NULL,NULL,'Toronto',NULL,NULL,'{}','2022-05-16 21:53:52','2022-05-16 21:53:52','2022-11-26'),(310,'Liang298','Test298','Test298 Liang298',0,'ljw@snda.com298','4156526671',NULL,NULL,'Toronto',NULL,NULL,'{}','2022-05-16 21:53:52','2022-05-16 21:53:52','2022-11-27'),(311,'Liang299','Test299','Test299 Liang299',1,'ljw@snda.com299','4156526672',NULL,NULL,'Toronto',NULL,NULL,'{}','2022-05-16 21:53:52','2022-05-16 21:53:52','2022-11-28'),(312,'Liang300','Test300','Test300 Liang300',0,'ljw@snda.com300','4156526673',NULL,NULL,'Toronto',NULL,NULL,'{}','2022-05-16 21:53:52','2022-05-16 21:53:52','2022-11-29'),(313,'Liang301','Test301','Test301 Liang301',1,'ljw@snda.com301','4156526674',NULL,NULL,'Toronto',NULL,NULL,'{}','2022-05-16 21:53:52','2022-05-16 21:53:52','2022-11-30'),(314,'Liang302','Test302','Test302 Liang302',0,'ljw@snda.com302','4156526675',NULL,NULL,'Toronto',NULL,NULL,'{}','2022-05-16 21:53:52','2022-05-16 21:53:52','2022-12-01'),(315,'Liang303','Test303','Test303 Liang303',0,'ljw@snda.com303','4156526676',NULL,NULL,'Toronto',NULL,NULL,'{}','2022-05-16 21:53:52','2022-05-16 21:53:52','2022-12-02'),(316,'Liang304','Test304','Test304 Liang304',1,'ljw@snda.com304','4156526677',NULL,NULL,'Toronto',NULL,NULL,'{}','2022-05-16 21:53:52','2022-05-16 21:53:52','2022-12-03'),(317,'Liang305','Test305','Test305 Liang305',0,'ljw@snda.com305','4156526678',NULL,NULL,'Toronto',NULL,NULL,'{}','2022-05-16 21:53:52','2022-05-16 21:53:52','2022-12-04'),(318,'Liang306','Test306','Test306 Liang306',1,'ljw@snda.com306','4156526679',NULL,NULL,'Toronto',NULL,NULL,'{}','2022-05-16 21:53:52','2022-05-16 21:53:52','2022-12-05'),(319,'Liang307','Test307','Test307 Liang307',0,'ljw@snda.com307','4156526680',NULL,NULL,'Toronto',NULL,NULL,'{}','2022-05-16 21:53:52','2022-05-16 21:53:52','2022-12-06'),(320,'Liang308','Test308','Test308 Liang308',1,'ljw@snda.com308','4156526681',NULL,NULL,'Toronto',NULL,NULL,'{}','2022-05-16 21:53:52','2022-05-16 21:53:52','2022-12-07'),(321,'Liang309','Test309','Test309 Liang309',0,'ljw@snda.com309','4156526682',NULL,NULL,'Toronto',NULL,NULL,'{}','2022-05-16 21:53:52','2022-05-16 21:53:52','2022-12-08'),(322,'Liang310','Test310','Test310 Liang310',0,'ljw@snda.com310','4156526683',NULL,NULL,'Toronto',NULL,NULL,'{}','2022-05-16 21:53:52','2022-05-16 21:53:52','2022-12-09'),(323,'Liang311','Test311','Test311 Liang311',1,'ljw@snda.com311','4156526684',NULL,NULL,'Toronto',NULL,NULL,'{}','2022-05-16 21:53:52','2022-05-16 21:53:52','2022-12-10'),(324,'Liang312','Test312','Test312 Liang312',0,'ljw@snda.com312','4156526685',NULL,NULL,'Toronto',NULL,NULL,'{}','2022-05-16 21:53:52','2022-05-16 21:53:52','2022-12-11'),(325,'Liang313','Test313','Test313 Liang313',1,'ljw@snda.com313','4156526686',NULL,NULL,'Toronto',NULL,NULL,'{}','2022-05-16 21:53:52','2022-05-16 21:53:52','2022-12-12'),(326,'Liang314','Test314','Test314 Liang314',0,'ljw@snda.com314','4156526687',NULL,NULL,'Toronto',NULL,NULL,'{}','2022-05-16 21:53:52','2022-05-16 21:53:52','2022-12-13'),(327,'Liang315','Test315','Test315 Liang315',1,'ljw@snda.com315','4156526688',NULL,NULL,'Toronto',NULL,NULL,'{}','2022-05-16 21:53:52','2022-05-16 21:53:52','2022-12-14'),(328,'Liang316','Test316','Test316 Liang316',0,'ljw@snda.com316','4156526689',NULL,NULL,'Toronto',NULL,NULL,'{}','2022-05-16 21:53:52','2022-05-16 21:53:52','2022-12-15'),(329,'Liang317','Test317','Test317 Liang317',1,'ljw@snda.com317','4156526690',NULL,NULL,'Toronto',NULL,NULL,'{}','2022-05-16 21:53:52','2022-05-16 21:53:52','2022-12-16'),(330,'Liang318','Test318','Test318 Liang318',0,'ljw@snda.com318','4156526691',NULL,NULL,'Toronto',NULL,NULL,'{}','2022-05-16 21:53:52','2022-05-16 21:53:52','2022-12-17'),(331,'Liang319','Test319','Test319 Liang319',0,'ljw@snda.com319','4156526692',NULL,NULL,'Toronto',NULL,NULL,'{}','2022-05-16 21:53:52','2022-05-16 21:53:52','2022-12-18'),(332,'Liang320','Test320','Test320 Liang320',1,'ljw@snda.com320','4156526693',NULL,NULL,'Toronto',NULL,NULL,'{}','2022-05-16 21:53:52','2022-05-16 21:53:52','2022-12-19'),(333,'Liang321','Test321','Test321 Liang321',0,'ljw@snda.com321','4156526694',NULL,NULL,'Toronto',NULL,NULL,'{}','2022-05-16 21:53:52','2022-05-16 21:53:52','2022-12-20'),(334,'Liang322','Test322','Test322 Liang322',1,'ljw@snda.com322','4156526695',NULL,NULL,'Toronto',NULL,NULL,'{}','2022-05-16 21:53:52','2022-05-16 21:53:52','2022-12-21'),(335,'Liang323','Test323','Test323 Liang323',0,'ljw@snda.com323','4156526696',NULL,NULL,'Toronto',NULL,NULL,'{}','2022-05-16 21:53:52','2022-05-16 21:53:52','2022-12-22'),(336,'Liang324','Test324','Test324 Liang324',1,'ljw@snda.com324','4156526697',NULL,NULL,'Toronto',NULL,NULL,'{}','2022-05-16 21:53:52','2022-05-16 21:53:52','2022-12-23'),(337,'Liang325','Test325','Test325 Liang325',0,'ljw@snda.com325','4156526698',NULL,NULL,'Toronto',NULL,NULL,'{}','2022-05-16 21:53:52','2022-05-16 21:53:52','2022-12-24'),(338,'Liang326','Test326','Test326 Liang326',0,'ljw@snda.com326','4156526699',NULL,NULL,'Toronto',NULL,NULL,'{}','2022-05-16 21:53:52','2022-05-16 21:53:52','2022-12-25'),(339,'Liang327','Test327','Test327 Liang327',1,'ljw@snda.com327','4156526700',NULL,NULL,'Toronto',NULL,NULL,'{}','2022-05-16 21:53:52','2022-05-16 21:53:52','2022-12-26'),(340,'Liang328','Test328','Test328 Liang328',0,'ljw@snda.com328','4156526701',NULL,NULL,'Toronto',NULL,NULL,'{}','2022-05-16 21:53:52','2022-05-16 21:53:52','2022-12-27'),(341,'Liang329','Test329','Test329 Liang329',1,'ljw@snda.com329','4156526702',NULL,NULL,'Toronto',NULL,NULL,'{}','2022-05-16 21:53:52','2022-05-16 21:53:52','2022-12-28'),(342,'Liang330','Test330','Test330 Liang330',0,'ljw@snda.com330','4156526703',NULL,NULL,'Toronto',NULL,NULL,'{}','2022-05-16 21:53:52','2022-05-16 21:53:52','2022-12-29'),(343,'Liang331','Test331','Test331 Liang331',1,'ljw@snda.com331','4156526704',NULL,NULL,'Toronto',NULL,NULL,'{}','2022-05-16 21:53:52','2022-05-16 21:53:52','2022-12-30'),(344,'Liang332','Test332','Test332 Liang332',0,'ljw@snda.com332','4156526705',NULL,NULL,'Toronto',NULL,NULL,'{}','2022-05-16 21:53:52','2022-05-16 21:53:52','2022-12-31'),(345,'Liang333','Test333','Test333 Liang333',0,'ljw@snda.com333','4156526706',NULL,NULL,'Toronto',NULL,NULL,'{}','2022-05-16 21:53:52','2022-05-16 21:53:52','2023-01-01'),(346,'Liang334','Test334','Test334 Liang334',1,'ljw@snda.com334','4156526707',NULL,NULL,'Toronto',NULL,NULL,'{}','2022-05-16 21:53:52','2022-05-16 21:53:52','2023-01-02'),(347,'Liang335','Test335','Test335 Liang335',0,'ljw@snda.com335','4156526708',NULL,NULL,'Toronto',NULL,NULL,'{}','2022-05-16 21:53:52','2022-05-16 21:53:52','2023-01-03'),(348,'Liang336','Test336','Test336 Liang336',1,'ljw@snda.com336','4156526709',NULL,NULL,'Toronto',NULL,NULL,'{}','2022-05-16 21:53:52','2022-05-16 21:53:52','2023-01-04'),(349,'Liang337','Test337','Test337 Liang337',0,'ljw@snda.com337','4156526710',NULL,NULL,'Toronto',NULL,NULL,'{}','2022-05-16 21:53:52','2022-05-16 21:53:52','2023-01-05'),(350,'Liang338','Test338','Test338 Liang338',1,'ljw@snda.com338','4156526711',NULL,NULL,'Toronto',NULL,NULL,'{}','2022-05-16 21:53:52','2022-05-16 21:53:52','2023-01-06'),(351,'Liang339','Test339','Test339 Liang339',0,'ljw@snda.com339','4156526712',NULL,NULL,'Toronto',NULL,NULL,'{}','2022-05-16 21:53:52','2022-05-16 21:53:52','2023-01-07'),(352,'Liang340','Test340','Test340 Liang340',1,'ljw@snda.com340','4156526713',NULL,NULL,'Toronto',NULL,NULL,'{}','2022-05-16 21:53:52','2022-05-16 21:53:52','2023-01-08'),(353,'Liang341','Test341','Test341 Liang341',0,'ljw@snda.com341','4156526714',NULL,NULL,'Toronto',NULL,NULL,'{}','2022-05-16 21:53:52','2022-05-16 21:53:52','2023-01-09'),(354,'Liang342','Test342','Test342 Liang342',0,'ljw@snda.com342','4156526715',NULL,NULL,'Toronto',NULL,NULL,'{}','2022-05-16 21:53:52','2022-05-16 21:53:52','2023-01-10'),(355,'Liang343','Test343','Test343 Liang343',1,'ljw@snda.com343','4156526716',NULL,NULL,'Toronto',NULL,NULL,'{}','2022-05-16 21:53:52','2022-05-16 21:53:52','2023-01-11'),(356,'Liang344','Test344','Test344 Liang344',0,'ljw@snda.com344','4156526717',NULL,NULL,'Toronto',NULL,NULL,'{}','2022-05-16 21:53:52','2022-05-16 21:53:52','2023-01-12'),(357,'Liang345','Test345','Test345 Liang345',1,'ljw@snda.com345','4156526718',NULL,NULL,'Toronto',NULL,NULL,'{}','2022-05-16 21:53:52','2022-05-16 21:53:52','2023-01-13'),(358,'Liang346','Test346','Test346 Liang346',0,'ljw@snda.com346','4156526719',NULL,NULL,'Toronto',NULL,NULL,'{}','2022-05-16 21:53:52','2022-05-16 21:53:52','2023-01-14'),(359,'Liang347','Test347','Test347 Liang347',1,'ljw@snda.com347','4156526720',NULL,NULL,'Toronto',NULL,NULL,'{}','2022-05-16 21:53:52','2022-05-16 21:53:52','2023-01-15'),(360,'Liang348','Test348','Test348 Liang348',0,'ljw@snda.com348','4156526721',NULL,NULL,'Toronto',NULL,NULL,'{}','2022-05-16 21:53:52','2022-05-16 21:53:52','2023-01-16'),(361,'Liang349','Test349','Test349 Liang349',0,'ljw@snda.com349','4156526722',NULL,NULL,'Toronto',NULL,NULL,'{}','2022-05-16 21:53:52','2022-05-16 21:53:52','2023-01-17'),(362,'Liang350','Test350','Test350 Liang350',1,'ljw@snda.com350','4156526723',NULL,NULL,'Toronto',NULL,NULL,'{}','2022-05-16 21:53:52','2022-05-16 21:53:52','2023-01-18'),(363,'Liang351','Test351','Test351 Liang351',0,'ljw@snda.com351','4156526724',NULL,NULL,'Toronto',NULL,NULL,'{}','2022-05-16 21:53:52','2022-05-16 21:53:52','2023-01-19'),(364,'Liang352','Test352','Test352 Liang352',1,'ljw@snda.com352','4156526725',NULL,NULL,'Toronto',NULL,NULL,'{}','2022-05-16 21:53:52','2022-05-16 21:53:52','2023-01-20'),(365,'Liang353','Test353','Test353 Liang353',0,'ljw@snda.com353','4156526726',NULL,NULL,'Toronto',NULL,NULL,'{}','2022-05-16 21:53:52','2022-05-16 21:53:52','2023-01-21'),(366,'Liang354','Test354','Test354 Liang354',1,'ljw@snda.com354','4156526727',NULL,NULL,'Toronto',NULL,NULL,'{}','2022-05-16 21:53:52','2022-05-16 21:53:52','2023-01-22'),(367,'Liang355','Test355','Test355 Liang355',0,'ljw@snda.com355','4156526728',NULL,NULL,'Toronto',NULL,NULL,'{}','2022-05-16 21:53:53','2022-05-16 21:53:53','2023-01-23'),(368,'Liang356','Test356','Test356 Liang356',0,'ljw@snda.com356','4156526729',NULL,NULL,'Toronto',NULL,NULL,'{}','2022-05-16 21:53:53','2022-05-16 21:53:53','2023-01-24'),(369,'Liang357','Test357','Test357 Liang357',1,'ljw@snda.com357','4156526730',NULL,NULL,'Toronto',NULL,NULL,'{}','2022-05-16 21:53:53','2022-05-16 21:53:53','2023-01-25'),(370,'Liang358','Test358','Test358 Liang358',0,'ljw@snda.com358','4156526731',NULL,NULL,'Toronto',NULL,NULL,'{}','2022-05-16 21:53:53','2022-05-16 21:53:53','2023-01-26'),(371,'Liang359','Test359','Test359 Liang359',1,'ljw@snda.com359','4156526732',NULL,NULL,'Toronto',NULL,NULL,'{}','2022-05-16 21:53:53','2022-05-16 21:53:53','2023-01-27'),(372,'Liang360','Test360','Test360 Liang360',0,'ljw@snda.com360','4156526733',NULL,NULL,'Toronto',NULL,NULL,'{}','2022-05-16 21:53:53','2022-05-16 21:53:53','2023-01-28'),(373,'Liang361','Test361','Test361 Liang361',1,'ljw@snda.com361','4156526734',NULL,NULL,'Toronto',NULL,NULL,'{}','2022-05-16 21:53:53','2022-05-16 21:53:53','2023-01-29'),(374,'Liang362','Test362','Test362 Liang362',0,'ljw@snda.com362','4156526735',NULL,NULL,'Toronto',NULL,NULL,'{}','2022-05-16 21:53:53','2022-05-16 21:53:53','2023-01-30'),(375,'Liang363','Test363','Test363 Liang363',1,'ljw@snda.com363','4156526736',NULL,NULL,'Toronto',NULL,NULL,'{}','2022-05-16 21:53:53','2022-05-16 21:53:53','2023-01-31'),(376,'Liang364','Test364','Test364 Liang364',0,'ljw@snda.com364','4156526737',NULL,NULL,'Toronto',NULL,NULL,'{}','2022-05-16 21:53:53','2022-05-16 21:53:53','2023-02-01'),(377,'Liang365','Test365','Test365 Liang365',0,'ljw@snda.com365','4156526738',NULL,NULL,'Toronto',NULL,NULL,'{}','2022-05-16 21:53:53','2022-05-16 21:53:53','2023-02-02'),(378,'Liang366','Test366','Test366 Liang366',1,'ljw@snda.com366','4156526739',NULL,NULL,'Toronto',NULL,NULL,'{}','2022-05-16 21:53:53','2022-05-16 21:53:53','2023-02-03'),(379,'Liang367','Test367','Test367 Liang367',0,'ljw@snda.com367','4156526740',NULL,NULL,'Toronto',NULL,NULL,'{}','2022-05-16 21:53:53','2022-05-16 21:53:53','2023-02-04'),(380,'Liang368','Test368','Test368 Liang368',1,'ljw@snda.com368','4156526741',NULL,NULL,'Toronto',NULL,NULL,'{}','2022-05-16 21:53:53','2022-05-16 21:53:53','2023-02-05'),(381,'Liang369','Test369','Test369 Liang369',0,'ljw@snda.com369','4156526742',NULL,NULL,'Toronto',NULL,NULL,'{}','2022-05-16 21:53:53','2022-05-16 21:53:53','2023-02-06'),(382,'Liang370','Test370','Test370 Liang370',1,'ljw@snda.com370','4156526743',NULL,NULL,'Toronto',NULL,NULL,'{}','2022-05-16 21:53:53','2022-05-16 21:53:53','2023-02-07'),(383,'Liang371','Test371','Test371 Liang371',0,'ljw@snda.com371','4156526744',NULL,NULL,'Toronto',NULL,NULL,'{}','2022-05-16 21:53:53','2022-05-16 21:53:53','2023-02-08'),(384,'Liang372','Test372','Test372 Liang372',0,'ljw@snda.com372','4156526745',NULL,NULL,'Toronto',NULL,NULL,'{}','2022-05-16 21:53:53','2022-05-16 21:53:53','2023-02-09'),(385,'Liang373','Test373','Test373 Liang373',1,'ljw@snda.com373','4156526746',NULL,NULL,'Toronto',NULL,NULL,'{}','2022-05-16 21:53:53','2022-05-16 21:53:53','2023-02-10'),(386,'Liang374','Test374','Test374 Liang374',0,'ljw@snda.com374','4156526747',NULL,NULL,'Toronto',NULL,NULL,'{}','2022-05-16 21:53:53','2022-05-16 21:53:53','2023-02-11'),(387,'Liang375','Test375','Test375 Liang375',1,'ljw@snda.com375','4156526748',NULL,NULL,'Toronto',NULL,NULL,'{}','2022-05-16 21:53:53','2022-05-16 21:53:53','2023-02-12'),(388,'Liang376','Test376','Test376 Liang376',0,'ljw@snda.com376','4156526749',NULL,NULL,'Toronto',NULL,NULL,'{}','2022-05-16 21:53:53','2022-05-16 21:53:53','2023-02-13'),(389,'Liang377','Test377','Test377 Liang377',1,'ljw@snda.com377','4156526750',NULL,NULL,'Toronto',NULL,NULL,'{}','2022-05-16 21:53:53','2022-05-16 21:53:53','2023-02-14'),(390,'Liang378','Test378','Test378 Liang378',0,'ljw@snda.com378','4156526751',NULL,NULL,'Toronto',NULL,NULL,'{}','2022-05-16 21:53:53','2022-05-16 21:53:53','2023-02-15'),(391,'Liang379','Test379','Test379 Liang379',0,'ljw@snda.com379','4156526752',NULL,NULL,'Toronto',NULL,NULL,'{}','2022-05-16 21:53:53','2022-05-16 21:53:53','2023-02-16'),(392,'Liang380','Test380','Test380 Liang380',1,'ljw@snda.com380','4156526753',NULL,NULL,'Toronto',NULL,NULL,'{}','2022-05-16 21:53:53','2022-05-16 21:53:53','2023-02-17'),(393,'Liang381','Test381','Test381 Liang381',0,'ljw@snda.com381','4156526754',NULL,NULL,'Toronto',NULL,NULL,'{}','2022-05-16 21:53:53','2022-05-16 21:53:53','2023-02-18'),(394,'Liang382','Test382','Test382 Liang382',1,'ljw@snda.com382','4156526755',NULL,NULL,'Toronto',NULL,NULL,'{}','2022-05-16 21:53:53','2022-05-16 21:53:53','2023-02-19'),(395,'Liang383','Test383','Test383 Liang383',0,'ljw@snda.com383','4156526756',NULL,NULL,'Toronto',NULL,NULL,'{}','2022-05-16 21:53:53','2022-05-16 21:53:53','2023-02-20'),(396,'Liang384','Test384','Test384 Liang384',1,'ljw@snda.com384','4156526757',NULL,NULL,'Toronto',NULL,NULL,'{}','2022-05-16 21:53:53','2022-05-16 21:53:53','2023-02-21'),(397,'Liang385','Test385','Test385 Liang385',0,'ljw@snda.com385','4156526758',NULL,NULL,'Toronto',NULL,NULL,'{}','2022-05-16 21:53:53','2022-05-16 21:53:53','2023-02-22'),(398,'Liang386','Test386','Test386 Liang386',1,'ljw@snda.com386','4156526759',NULL,NULL,'Toronto',NULL,NULL,'{}','2022-05-16 21:53:53','2022-05-16 21:53:53','2023-02-23'),(399,'Liang387','Test387','Test387 Liang387',0,'ljw@snda.com387','4156526760',NULL,NULL,'Toronto',NULL,NULL,'{}','2022-05-16 21:53:53','2022-05-16 21:53:53','2023-02-24'),(400,'Liang388','Test388','Test388 Liang388',0,'ljw@snda.com388','4156526761',NULL,NULL,'Toronto',NULL,NULL,'{}','2022-05-16 21:53:53','2022-05-16 21:53:53','2023-02-25'),(401,'Liang389','Test389','Test389 Liang389',1,'ljw@snda.com389','4156526762',NULL,NULL,'Toronto',NULL,NULL,'{}','2022-05-16 21:53:53','2022-05-16 21:53:53','2023-02-26'),(402,'Liang390','Test390','Test390 Liang390',0,'ljw@snda.com390','4156526763',NULL,NULL,'Toronto',NULL,NULL,'{}','2022-05-16 21:53:53','2022-05-16 21:53:53','2023-02-27'),(403,'Liang391','Test391','Test391 Liang391',1,'ljw@snda.com391','4156526764',NULL,NULL,'Toronto',NULL,NULL,'{}','2022-05-16 21:53:53','2022-05-16 21:53:53','2023-02-28'),(404,'Liang392','Test392','Test392 Liang392',0,'ljw@snda.com392','4156526765',NULL,NULL,'Toronto',NULL,NULL,'{}','2022-05-16 21:53:53','2022-05-16 21:53:53','2023-03-01'),(405,'Liang393','Test393','Test393 Liang393',1,'ljw@snda.com393','4156526766',NULL,NULL,'Toronto',NULL,NULL,'{}','2022-05-16 21:53:53','2022-05-16 21:53:53','2023-03-02'),(406,'Liang394','Test394','Test394 Liang394',0,'ljw@snda.com394','4156526767',NULL,NULL,'Toronto',NULL,NULL,'{}','2022-05-16 21:53:53','2022-05-16 21:53:53','2023-03-03'),(407,'Liang395','Test395','Test395 Liang395',0,'ljw@snda.com395','4156526768',NULL,NULL,'Toronto',NULL,NULL,'{}','2022-05-16 21:53:53','2022-05-16 21:53:53','2023-03-04'),(408,'Liang396','Test396','Test396 Liang396',1,'ljw@snda.com396','4156526769',NULL,NULL,'Toronto',NULL,NULL,'{}','2022-05-16 21:53:53','2022-05-16 21:53:53','2023-03-05'),(409,'Liang397','Test397','Test397 Liang397',0,'ljw@snda.com397','4156526770',NULL,NULL,'Toronto',NULL,NULL,'{}','2022-05-16 21:53:53','2022-05-16 21:53:53','2023-03-06'),(410,'Liang398','Test398','Test398 Liang398',1,'ljw@snda.com398','4156526771',NULL,NULL,'Toronto',NULL,NULL,'{}','2022-05-16 21:53:53','2022-05-16 21:53:53','2023-03-07'),(411,'Liang399','Test399','Test399 Liang399',0,'ljw@snda.com399','4156526772',NULL,NULL,'Toronto',NULL,NULL,'{}','2022-05-16 21:53:53','2022-05-16 21:53:53','2023-03-08'),(412,'Liang400','Test400','Test400 Liang400',1,'ljw@snda.com400','4156526773',NULL,NULL,'Toronto',NULL,NULL,'{}','2022-05-16 21:53:53','2022-05-16 21:53:53','2023-03-09'),(413,'Liang401','Test401','Test401 Liang401',0,'ljw@snda.com401','4156526774',NULL,NULL,'Toronto',NULL,NULL,'{}','2022-05-16 21:53:53','2022-05-16 21:53:53','2023-03-10'),(414,'Liang402','Test402','Test402 Liang402',0,'ljw@snda.com402','4156526775',NULL,NULL,'Toronto',NULL,NULL,'{}','2022-05-16 21:53:53','2022-05-16 21:53:53','2023-03-11'),(415,'Liang403','Test403','Test403 Liang403',1,'ljw@snda.com403','4156526776',NULL,NULL,'Toronto',NULL,NULL,'{}','2022-05-16 21:53:53','2022-05-16 21:53:53','2023-03-12'),(416,'Liang404','Test404','Test404 Liang404',0,'ljw@snda.com404','4156526777',NULL,NULL,'Toronto',NULL,NULL,'{}','2022-05-16 21:53:53','2022-05-16 21:53:53','2023-03-13'),(417,'Liang405','Test405','Test405 Liang405',1,'ljw@snda.com405','4156526778',NULL,NULL,'Toronto',NULL,NULL,'{}','2022-05-16 21:53:53','2022-05-16 21:53:53','2023-03-14'),(418,'Liang406','Test406','Test406 Liang406',0,'ljw@snda.com406','4156526779',NULL,NULL,'Toronto',NULL,NULL,'{}','2022-05-16 21:53:53','2022-05-16 21:53:53','2023-03-15'),(419,'Liang407','Test407','Test407 Liang407',1,'ljw@snda.com407','4156526780',NULL,NULL,'Toronto',NULL,NULL,'{}','2022-05-16 21:53:53','2022-05-16 21:53:53','2023-03-16'),(420,'Liang408','Test408','Test408 Liang408',0,'ljw@snda.com408','4156526781',NULL,NULL,'Toronto',NULL,NULL,'{}','2022-05-16 21:53:53','2022-05-16 21:53:53','2023-03-17'),(421,'Liang409','Test409','Test409 Liang409',1,'ljw@snda.com409','4156526782',NULL,NULL,'Toronto',NULL,NULL,'{}','2022-05-16 21:53:53','2022-05-16 21:53:53','2023-03-18'),(422,'Liang410','Test410','Test410 Liang410',0,'ljw@snda.com410','4156526783',NULL,NULL,'Toronto',NULL,NULL,'{}','2022-05-16 21:53:53','2022-05-16 21:53:53','2023-03-19'),(423,'Liang411','Test411','Test411 Liang411',0,'ljw@snda.com411','4156526784',NULL,NULL,'Toronto',NULL,NULL,'{}','2022-05-16 21:53:53','2022-05-16 21:53:53','2023-03-20'),(424,'Liang412','Test412','Test412 Liang412',1,'ljw@snda.com412','4156526785',NULL,NULL,'Toronto',NULL,NULL,'{}','2022-05-16 21:53:53','2022-05-16 21:53:53','2023-03-21'),(425,'Liang','Leo','Leo Liang',1,NULL,NULL,NULL,NULL,'Toronto',NULL,NULL,'{}','2022-05-16 21:53:53','2022-05-16 21:53:53','2022-02-03'),(426,'Qian','Cynthai','Cynthai Qian',0,NULL,NULL,NULL,NULL,'Toronto',NULL,NULL,'{}','2022-05-16 21:53:53','2022-05-16 21:53:53','1970-01-01'),(427,'Liang','Leo','Leo Liang',1,NULL,NULL,NULL,NULL,'Toronto',NULL,NULL,'{}','2022-05-16 22:19:31','2022-05-16 22:19:31','2022-02-03'),(428,'Qian','Cynthai','Cynthai Qian',0,NULL,NULL,NULL,NULL,'Toronto',NULL,NULL,'{}','2022-05-16 22:19:31','2022-05-16 22:19:31','1970-01-01'),(429,'Liang','Leo','Leo Liang',1,NULL,NULL,NULL,NULL,'Toronto',NULL,NULL,'{}','2022-05-16 22:28:22','2022-05-16 22:28:22','2022-02-03'),(430,'Qian','Cynthai','Cynthai Qian',0,NULL,NULL,NULL,NULL,'Toronto',NULL,NULL,'{}','2022-05-16 22:28:22','2022-05-16 22:28:22','1970-01-01'),(431,'Liang','Leo','Leo Liang',2,'reven1@123.com','1283748485','','','','','','','2022-05-19 02:25:40','2022-05-19 02:25:40',NULL),(432,'QQ','JJ','JJ QQ',2,'',NULL,'','','Toronto','Ontario','','','2022-05-19 02:27:08','2022-05-19 02:27:08',NULL),(433,'Liang','Leo','Leo Liang',1,'revenliang@163.com','4167259206','','','North York','ON.','','','2022-05-26 02:52:16','2022-05-26 02:52:16','2000-05-25'),(434,'Qian','Cynthia','Cynthia Qian',0,NULL,NULL,'','','','','','','2022-05-26 02:52:33','2022-05-26 02:52:33','1989-05-05');
/*!40000 ALTER TABLE `customer` ENABLE KEYS */;
UNLOCK TABLES;

--
-- Table structure for table `customer_balance_record`
--

DROP TABLE IF EXISTS `customer_balance_record`;
/*!40101 SET @saved_cs_client     = @@character_set_client */;
/*!50503 SET character_set_client = utf8mb4 */;
CREATE TABLE `customer_balance_record` (
  `id` int NOT NULL AUTO_INCREMENT,
  `customer_id` int DEFAULT '0',
  `user_id` int NOT NULL DEFAULT '0',
  `balance_id` int NOT NULL DEFAULT '0',
  `amount` decimal(10,2) NOT NULL DEFAULT '0.00',
  `pre_balance` decimal(10,2) DEFAULT '0.00',
  `action` varchar(16) NOT NULL DEFAULT 'charge',
  `order` varchar(32) DEFAULT NULL,
  `orderinfo` text,
  `source` varchar(32) DEFAULT NULL,
  `note` varchar(128) DEFAULT NULL,
  `evidence` varchar(128) DEFAULT NULL,
  `invoice` varchar(32) DEFAULT NULL,
  `invoice_note` varchar(128) DEFAULT NULL,
  `refer` int DEFAULT '0',
  `status` int NOT NULL DEFAULT '1',
  `ip` varchar(16) DEFAULT NULL,
  `create_time` timestamp NULL DEFAULT CURRENT_TIMESTAMP,
  `update_time` datetime DEFAULT NULL,
  PRIMARY KEY (`id`)
) ENGINE=InnoDB AUTO_INCREMENT=35 DEFAULT CHARSET=utf8mb3;
/*!40101 SET character_set_client = @saved_cs_client */;

--
-- Dumping data for table `customer_balance_record`
--

LOCK TABLES `customer_balance_record` WRITE;
/*!40000 ALTER TABLE `customer_balance_record` DISABLE KEYS */;
INSERT INTO `customer_balance_record` VALUES (1,430,7,1,11.00,0.00,'recharge',NULL,NULL,NULL,NULL,NULL,NULL,NULL,0,1,'127.0.0.1','2022-05-18 17:49:46','2022-05-18 17:49:46'),(2,429,7,2,100.00,0.00,'recharge',NULL,NULL,NULL,NULL,NULL,NULL,NULL,0,1,'127.0.0.1','2022-05-18 17:49:53','2022-05-18 17:49:53'),(3,430,7,1,-0.10,11.00,'charge',NULL,NULL,NULL,'Free Lesson',NULL,NULL,NULL,0,1,'127.0.0.1','2022-05-18 17:50:00','2022-05-18 17:50:00'),(4,429,7,2,-0.10,100.00,'charge',NULL,NULL,NULL,'Free Lesson',NULL,NULL,NULL,0,1,'127.0.0.1','2022-05-18 17:50:00','2022-05-18 17:50:00'),(5,430,7,1,0.01,10.90,'refund',NULL,NULL,NULL,'Refund from transaction No.3:Free Lesson',NULL,NULL,NULL,3,1,'127.0.0.1','2022-05-18 18:05:00','2022-05-18 18:05:00'),(6,430,7,1,-1.00,10.91,'refund',NULL,NULL,NULL,'Refund from transaction No.1:null',NULL,NULL,NULL,1,1,'127.0.0.1','2022-05-18 18:06:19','2022-05-18 18:06:19'),(7,428,7,4,1.00,0.00,'recharge',NULL,NULL,NULL,'recharge',NULL,NULL,NULL,0,1,'127.0.0.1','2022-05-19 01:20:32','2022-05-19 01:20:32'),(8,426,7,5,11.00,0.00,'recharge',NULL,NULL,NULL,'recharge',NULL,NULL,NULL,0,1,'127.0.0.1','2022-05-19 01:20:36','2022-05-19 01:20:36'),(9,424,7,6,10.00,0.00,'recharge',NULL,NULL,NULL,'recharge',NULL,NULL,NULL,0,1,'127.0.0.1','2022-05-19 01:20:42','2022-05-19 01:20:42'),(10,424,7,6,-0.10,10.00,'charge',NULL,NULL,NULL,'Free Lesson',NULL,NULL,NULL,0,1,'127.0.0.1','2022-05-19 01:20:52','2022-05-19 01:20:52'),(11,429,7,2,-0.10,99.90,'charge',NULL,NULL,NULL,'Free Lesson',NULL,NULL,NULL,0,1,'127.0.0.1','2022-05-19 01:21:10','2022-05-19 01:21:10'),(12,430,7,1,1.00,9.91,'refund',NULL,NULL,NULL,'Refund from transaction No.6',NULL,NULL,NULL,6,1,'127.0.0.1','2022-05-19 01:25:21','2022-05-19 01:25:21'),(13,429,7,2,-10.00,99.80,'refund',NULL,NULL,NULL,'Refund from transaction No.2',NULL,NULL,NULL,2,1,'127.0.0.1','2022-05-19 01:35:57','2022-05-19 01:35:57'),(14,429,7,2,10.00,89.80,'refund',NULL,NULL,NULL,'Refund from transaction No.13',NULL,NULL,NULL,13,1,'127.0.0.1','2022-05-19 01:36:29','2022-05-19 01:36:29'),(15,426,7,5,-1.00,11.00,'refund',NULL,NULL,NULL,'Refund from transaction No.8',NULL,NULL,NULL,8,1,'127.0.0.1','2022-05-19 01:57:00','2022-05-19 01:57:00'),(16,432,7,7,11.00,0.00,'recharge',NULL,NULL,NULL,'recharge',NULL,NULL,NULL,0,1,'127.0.0.1','2022-05-26 17:07:00','2022-05-26 17:07:00'),(17,432,7,7,-0.10,11.00,'charge',NULL,NULL,NULL,'Free Lesson',NULL,NULL,NULL,0,1,'127.0.0.1','2022-05-26 17:07:08','2022-05-26 17:07:08'),(18,432,7,7,0.10,10.90,'refund',NULL,NULL,NULL,'Refund from transaction No.17',NULL,NULL,NULL,17,1,'127.0.0.1','2022-05-26 17:11:16','2022-05-26 17:11:16'),(19,432,7,7,11.00,11.00,'recharge',NULL,NULL,NULL,'recharge',NULL,NULL,NULL,0,1,'127.0.0.1','2022-05-26 17:14:04','2022-05-26 17:14:04'),(20,432,7,7,-0.10,22.00,'charge',NULL,NULL,NULL,'Free Lesson',NULL,NULL,NULL,0,1,'127.0.0.1','2022-05-26 17:15:21','2022-05-26 17:15:21'),(21,432,7,7,11.00,21.90,'recharge',NULL,NULL,NULL,'recharge',NULL,NULL,NULL,0,1,'127.0.0.1','2022-05-26 17:18:51','2022-05-26 17:18:51'),(22,432,7,7,0.10,32.90,'refund',NULL,NULL,NULL,'Refund from transaction No.20',NULL,NULL,NULL,20,1,'127.0.0.1','2022-05-26 17:19:11','2022-05-26 17:19:11'),(23,432,7,7,-3.00,33.00,'refund',NULL,NULL,NULL,'Refund from transaction No.21',NULL,NULL,NULL,21,1,'127.0.0.1','2022-05-26 17:19:35','2022-05-26 17:19:35'),(24,432,7,7,1.00,30.00,'refund',NULL,NULL,NULL,'Refund from transaction No.23',NULL,NULL,NULL,23,1,'127.0.0.1','2022-05-26 17:19:42','2022-05-26 17:19:42'),(25,432,7,7,-9.00,31.00,'refund',NULL,NULL,NULL,'Refund from transaction No.21',NULL,NULL,NULL,21,1,'127.0.0.1','2022-05-26 17:34:39','2022-05-26 17:34:39'),(26,432,7,7,123.00,22.00,'recharge',NULL,NULL,NULL,'recharge',NULL,NULL,NULL,0,1,'127.0.0.1','2022-05-27 01:50:28','2022-05-27 01:50:28'),(27,432,7,7,-100.00,145.00,'charge',NULL,NULL,NULL,'Group Program',NULL,NULL,NULL,0,1,'127.0.0.1','2022-05-27 01:50:45','2022-05-27 01:50:45'),(28,432,7,7,100.00,45.00,'refund',NULL,NULL,NULL,'Refund from transaction No.27',NULL,NULL,NULL,27,1,'127.0.0.1','2022-05-27 01:51:05','2022-05-27 01:51:05'),(29,432,7,7,123.00,145.00,'recharge',NULL,NULL,NULL,'recharge',NULL,NULL,NULL,0,1,'127.0.0.1','2022-05-28 01:20:54','2022-05-28 01:20:54'),(30,432,7,7,-12.00,268.00,'refund',NULL,NULL,NULL,'Refund from transaction No.29',NULL,NULL,NULL,29,1,'127.0.0.1','2022-05-28 01:21:40','2022-05-28 01:21:40'),(31,432,7,7,1.00,256.00,'refund',NULL,NULL,NULL,'Refund from transaction No.30',NULL,NULL,NULL,30,1,'127.0.0.1','2022-05-28 01:21:57','2022-05-28 01:21:57'),(32,432,7,7,-0.10,257.00,'charge',NULL,NULL,NULL,'Free Lesson',NULL,NULL,NULL,0,1,'127.0.0.1','2022-05-28 01:22:25','2022-05-28 01:22:25'),(33,432,7,7,-1.00,253.90,'charge','4',NULL,'charge_order','1 * laho 1\'',NULL,NULL,NULL,0,1,'127.0.0.1','2022-05-28 03:42:12','2022-05-28 03:42:12'),(34,432,7,7,-1.00,246.90,'charge','25',NULL,'charge_order','1 * laho 1\'',NULL,NULL,NULL,0,1,'127.0.0.1','2022-05-28 03:54:17','2022-05-28 03:54:17');
/*!40000 ALTER TABLE `customer_balance_record` ENABLE KEYS */;
UNLOCK TABLES;

--
-- Table structure for table `customer_order`
--

DROP TABLE IF EXISTS `customer_order`;
/*!40101 SET @saved_cs_client     = @@character_set_client */;
/*!50503 SET character_set_client = utf8mb4 */;
CREATE TABLE `customer_order` (
  `id` int NOT NULL AUTO_INCREMENT,
  `merchant_id` int NOT NULL DEFAULT '0',
  `user_id` int NOT NULL DEFAULT '0',
  `customer_id` int NOT NULL DEFAULT '0',
  `customer_name` varchar(45) DEFAULT NULL,
  `product_id` int NOT NULL DEFAULT '0',
  `product_name` varchar(128) DEFAULT NULL,
  `product_price` decimal(10,2) DEFAULT '0.00',
  `count` int NOT NULL DEFAULT '0',
  `amount` decimal(10,2) DEFAULT '0.00',
  `charge` decimal(10,2) DEFAULT '0.00',
  `order_date` datetime NOT NULL,
  `create_time` timestamp NULL DEFAULT CURRENT_TIMESTAMP,
  `update_time` datetime DEFAULT NULL,
  PRIMARY KEY (`id`)
) ENGINE=InnoDB AUTO_INCREMENT=26 DEFAULT CHARSET=utf8mb3;
/*!40101 SET character_set_client = @saved_cs_client */;

--
-- Dumping data for table `customer_order`
--

LOCK TABLES `customer_order` WRITE;
/*!40000 ALTER TABLE `customer_order` DISABLE KEYS */;
INSERT INTO `customer_order` VALUES (4,9,7,432,NULL,10,'laho 1\'',1.00,1,1.00,1.00,'2022-05-27 00:00:00','2022-05-28 03:42:12','2022-05-28 03:42:12'),(25,9,7,432,NULL,10,'laho 1\'',1.00,1,1.00,1.00,'2022-05-27 00:00:00','2022-05-28 03:54:17','2022-05-28 03:54:17');
/*!40000 ALTER TABLE `customer_order` ENABLE KEYS */;
UNLOCK TABLES;

--
-- Table structure for table `email_log`
--

DROP TABLE IF EXISTS `email_log`;
/*!40101 SET @saved_cs_client     = @@character_set_client */;
/*!50503 SET character_set_client = utf8mb4 */;
CREATE TABLE `email_log` (
  `id` int NOT NULL AUTO_INCREMENT,
  `email_queue_id` int DEFAULT NULL,
  `result` varchar(16) DEFAULT NULL,
  `note` text,
  `create_time` timestamp NULL DEFAULT CURRENT_TIMESTAMP,
  `update_time` datetime DEFAULT NULL,
  PRIMARY KEY (`id`)
) ENGINE=InnoDB AUTO_INCREMENT=19 DEFAULT CHARSET=utf8mb3;
/*!40101 SET character_set_client = @saved_cs_client */;

--
-- Dumping data for table `email_log`
--

LOCK TABLES `email_log` WRITE;
/*!40000 ALTER TABLE `email_log` DISABLE KEYS */;
INSERT INTO `email_log` VALUES (1,13,'success','','2022-05-25 22:31:41','2022-05-25 22:31:41'),(2,14,'success','','2022-05-25 22:31:41','2022-05-25 22:31:41'),(3,15,'success','','2022-05-25 22:31:42','2022-05-25 22:31:42'),(4,16,'success','','2022-05-25 22:31:42','2022-05-25 22:31:42'),(5,17,'success','','2022-05-25 22:42:11','2022-05-25 22:42:11'),(6,18,'success','','2022-05-25 22:43:42','2022-05-25 22:43:42'),(7,19,'success','','2022-05-25 22:43:43','2022-05-25 22:43:43'),(8,20,'success','','2022-05-25 22:46:01','2022-05-25 22:46:01'),(9,21,'success','','2022-05-25 22:48:00','2022-05-25 22:48:00'),(10,22,'success','','2022-05-25 22:49:25','2022-05-25 22:49:25'),(11,23,'success','','2022-05-25 22:55:21','2022-05-25 22:55:21'),(12,24,'success','','2022-05-25 23:02:03','2022-05-25 23:02:03'),(13,25,'success','','2022-05-25 23:05:07','2022-05-25 23:05:07'),(14,26,'success','','2022-05-25 23:06:44','2022-05-25 23:06:44'),(15,27,'success','','2022-05-25 23:09:33','2022-05-25 23:09:33'),(16,28,'success','','2022-05-26 02:49:42','2022-05-26 02:49:42'),(17,29,'success','','2022-05-26 02:50:40','2022-05-26 02:50:40'),(18,30,'success','','2022-05-26 02:50:43','2022-05-26 02:50:43');
/*!40000 ALTER TABLE `email_log` ENABLE KEYS */;
UNLOCK TABLES;

--
-- Table structure for table `email_queue`
--

DROP TABLE IF EXISTS `email_queue`;
/*!40101 SET @saved_cs_client     = @@character_set_client */;
/*!50503 SET character_set_client = utf8mb4 */;
CREATE TABLE `email_queue` (
  `id` int NOT NULL AUTO_INCREMENT,
  `merchant_id` int DEFAULT '0',
  `user_id` int DEFAULT '0',
  `task_id` int DEFAULT '0',
  `customers` text,
  `template_id` int DEFAULT '0',
  `template_values` text,
  `title` varchar(128) DEFAULT NULL,
  `htmlcontent` text,
  `textcontent` text,
  `schedule_time` bigint DEFAULT '0',
  `sended` int DEFAULT '0',
  `trytimes` int DEFAULT '0',
  `create_time` timestamp NULL DEFAULT CURRENT_TIMESTAMP,
  `update_time` datetime DEFAULT NULL,
  PRIMARY KEY (`id`)
) ENGINE=InnoDB AUTO_INCREMENT=31 DEFAULT CHARSET=utf8mb3;
/*!40101 SET character_set_client = @saved_cs_client */;

--
-- Dumping data for table `email_queue`
--

LOCK TABLES `email_queue` WRITE;
/*!40000 ALTER TABLE `email_queue` DISABLE KEYS */;
INSERT INTO `email_queue` VALUES (13,0,0,0,'[{\"Email\":\"revenliang@163.com\",\"Name\":\"Reven Liang\"}]',1,'[\"Reven Liang\",\"386539\"]','Welcome to servify','<table style=\"width:100%;\"><tbody><tr><td colspan=\"6\" style=\"width:100%;\"><div style=\"padding:5px\"><div style=\"text-align:center;margin-top:0px;margin-bottom:0px\"><h2 style=\"margin:0;color:undefined;font-size:undefined;\">Email Verify</h2></div></div></td></tr><tr><td colspan=\"6\" style=\"width:100%;\"><div style=\"padding:5px\"><div style=\"text-align:undefined;margin-top:0px;margin-bottom:0px\"><h4 style=\"margin:0;color:undefined;font-size:undefined;\">Dear Reven Liang</h4></div></div></td></tr><tr><td colspan=\"6\" style=\"width:100%;\"><div style=\"padding:5px\"><div style=\"text-align:undefined;margin-top:0px;margin-bottom:5px\"><p style=\"margin:0;color:undefined;font-size:undefined;\">Here is your email verify-code: 386539</p></div></div></td></tr><tr><td colspan=\"6\" style=\"width:100%;background-color:undefined;\"><div style=\"padding:5px;margin-left:undefined;margin-right:undefined;\"><div style=\"text-align:undefined;margin-top:0px;margin-bottom:0px\"><p style=\"margin:0;color:undefined;font-size:undefined;\">The code will be expired in 1 hour, please go to the website to active your account.</p></div><div style=\"text-align:undefined;margin-top:5px;margin-bottom:5px\"><a href=\"http://test.servify.ca/account/signin\" target=\"_blank\" style=\"font-size:undefined;color:undefined\" >Servify.ca</a></div><div style=\"text-align:undefined;margin-top:20px;margin-bottom:5px\"><p style=\"margin:0;color:undefined;font-size:undefined;\">Thank you!!</p></div><div style=\"text-align:undefined;margin-top:5px;margin-bottom:5px\"><p style=\"margin:0;color:undefined;font-size:undefined;\">Servify</p></div></div></td></tr></tbody></table>','Please open the mail with a client that support html or webmail',0,1,1,'2022-05-25 22:31:40','2022-05-25 22:31:40'),(14,0,0,0,'[{\"Email\":\"rcboy.liang@gmail.com\",\"Name\":\"Elo Liang\"}]',1,'[\"Elo Liang\",\"742986\"]','Welcome to servify','<table style=\"width:100%;\"><tbody><tr><td colspan=\"6\" style=\"width:100%;\"><div style=\"padding:5px\"><div style=\"text-align:center;margin-top:0px;margin-bottom:0px\"><h2 style=\"margin:0;color:undefined;font-size:undefined;\">Email Verify</h2></div></div></td></tr><tr><td colspan=\"6\" style=\"width:100%;\"><div style=\"padding:5px\"><div style=\"text-align:undefined;margin-top:0px;margin-bottom:0px\"><h4 style=\"margin:0;color:undefined;font-size:undefined;\">Dear Elo Liang</h4></div></div></td></tr><tr><td colspan=\"6\" style=\"width:100%;\"><div style=\"padding:5px\"><div style=\"text-align:undefined;margin-top:0px;margin-bottom:5px\"><p style=\"margin:0;color:undefined;font-size:undefined;\">Here is your email verify-code: 742986</p></div></div></td></tr><tr><td colspan=\"6\" style=\"width:100%;background-color:undefined;\"><div style=\"padding:5px;margin-left:undefined;margin-right:undefined;\"><div style=\"text-align:undefined;margin-top:0px;margin-bottom:0px\"><p style=\"margin:0;color:undefined;font-size:undefined;\">The code will be expired in 1 hour, please go to the website to active your account.</p></div><div style=\"text-align:undefined;margin-top:5px;margin-bottom:5px\"><a href=\"http://test.servify.ca/account/signin\" target=\"_blank\" style=\"font-size:undefined;color:undefined\" >Servify.ca</a></div><div style=\"text-align:undefined;margin-top:20px;margin-bottom:5px\"><p style=\"margin:0;color:undefined;font-size:undefined;\">Thank you!!</p></div><div style=\"text-align:undefined;margin-top:5px;margin-bottom:5px\"><p style=\"margin:0;color:undefined;font-size:undefined;\">Servify</p></div></div></td></tr></tbody></table>','Please open the mail with a client that support html or webmail',0,1,1,'2022-05-25 22:31:40','2022-05-25 22:31:40'),(15,0,0,0,'[{\"Email\":\"liangjianwu001@gmail.com\",\"Name\":\"Eddy Liang\"}]',1,'[\"Eddy Liang\",\"508702\"]','Welcome to servify','<table style=\"width:100%;\"><tbody><tr><td colspan=\"6\" style=\"width:100%;\"><div style=\"padding:5px\"><div style=\"text-align:center;margin-top:0px;margin-bottom:0px\"><h2 style=\"margin:0;color:undefined;font-size:undefined;\">Email Verify</h2></div></div></td></tr><tr><td colspan=\"6\" style=\"width:100%;\"><div style=\"padding:5px\"><div style=\"text-align:undefined;margin-top:0px;margin-bottom:0px\"><h4 style=\"margin:0;color:undefined;font-size:undefined;\">Dear Eddy Liang</h4></div></div></td></tr><tr><td colspan=\"6\" style=\"width:100%;\"><div style=\"padding:5px\"><div style=\"text-align:undefined;margin-top:0px;margin-bottom:5px\"><p style=\"margin:0;color:undefined;font-size:undefined;\">Here is your email verify-code: 508702</p></div></div></td></tr><tr><td colspan=\"6\" style=\"width:100%;background-color:undefined;\"><div style=\"padding:5px;margin-left:undefined;margin-right:undefined;\"><div style=\"text-align:undefined;margin-top:0px;margin-bottom:0px\"><p style=\"margin:0;color:undefined;font-size:undefined;\">The code will be expired in 1 hour, please go to the website to active your account.</p></div><div style=\"text-align:undefined;margin-top:5px;margin-bottom:5px\"><a href=\"http://test.servify.ca/account/signin\" target=\"_blank\" style=\"font-size:undefined;color:undefined\" >Servify.ca</a></div><div style=\"text-align:undefined;margin-top:20px;margin-bottom:5px\"><p style=\"margin:0;color:undefined;font-size:undefined;\">Thank you!!</p></div><div style=\"text-align:undefined;margin-top:5px;margin-bottom:5px\"><p style=\"margin:0;color:undefined;font-size:undefined;\">Servify</p></div></div></td></tr></tbody></table>','Please open the mail with a client that support html or webmail',0,1,1,'2022-05-25 22:31:40','2022-05-25 22:31:40'),(16,0,0,0,'[{\"Email\":\"servify.info@gmail.com\",\"Name\":\"Cynthia Qian\"}]',1,'[\"Cynthia Qian\",\"909673\"]','Welcome to servify','<table style=\"width:100%;\"><tbody><tr><td colspan=\"6\" style=\"width:100%;\"><div style=\"padding:5px\"><div style=\"text-align:center;margin-top:0px;margin-bottom:0px\"><h2 style=\"margin:0;color:undefined;font-size:undefined;\">Email Verify</h2></div></div></td></tr><tr><td colspan=\"6\" style=\"width:100%;\"><div style=\"padding:5px\"><div style=\"text-align:undefined;margin-top:0px;margin-bottom:0px\"><h4 style=\"margin:0;color:undefined;font-size:undefined;\">Dear Cynthia Qian</h4></div></div></td></tr><tr><td colspan=\"6\" style=\"width:100%;\"><div style=\"padding:5px\"><div style=\"text-align:undefined;margin-top:0px;margin-bottom:5px\"><p style=\"margin:0;color:undefined;font-size:undefined;\">Here is your email verify-code: 909673</p></div></div></td></tr><tr><td colspan=\"6\" style=\"width:100%;background-color:undefined;\"><div style=\"padding:5px;margin-left:undefined;margin-right:undefined;\"><div style=\"text-align:undefined;margin-top:0px;margin-bottom:0px\"><p style=\"margin:0;color:undefined;font-size:undefined;\">The code will be expired in 1 hour, please go to the website to active your account.</p></div><div style=\"text-align:undefined;margin-top:5px;margin-bottom:5px\"><a href=\"http://test.servify.ca/account/signin\" target=\"_blank\" style=\"font-size:undefined;color:undefined\" >Servify.ca</a></div><div style=\"text-align:undefined;margin-top:20px;margin-bottom:5px\"><p style=\"margin:0;color:undefined;font-size:undefined;\">Thank you!!</p></div><div style=\"text-align:undefined;margin-top:5px;margin-bottom:5px\"><p style=\"margin:0;color:undefined;font-size:undefined;\">Servify</p></div></div></td></tr></tbody></table>','Please open the mail with a client that support html or webmail',0,1,1,'2022-05-25 22:31:40','2022-05-25 22:31:40'),(17,0,0,0,'[{\"Email\":\"liangjianwu001@gmail.com\",\"Name\":\"Eddy Liang\"}]',1,'[\"Eddy Liang\",\"508702\"]','Welcome to servify','<table style=\"width:100%;\"><tbody><tr><td colspan=\"6\" style=\"width:100%;\"><div style=\"padding:5px\"><div style=\"text-align:center;margin-top:0px;margin-bottom:0px\"><h2 style=\"margin:0;color:undefined;font-size:undefined;\">Email Verify</h2></div></div></td></tr><tr><td colspan=\"6\" style=\"width:100%;\"><div style=\"padding:5px\"><div style=\"text-align:undefined;margin-top:0px;margin-bottom:0px\"><h4 style=\"margin:0;color:undefined;font-size:undefined;\">Dear Eddy Liang</h4></div></div></td></tr><tr><td colspan=\"6\" style=\"width:100%;\"><div style=\"padding:5px\"><div style=\"text-align:undefined;margin-top:0px;margin-bottom:5px\"><p style=\"margin:0;color:undefined;font-size:undefined;\">Here is your email verify-code: 508702</p></div></div></td></tr><tr><td colspan=\"6\" style=\"width:100%;background-color:undefined;\"><div style=\"padding:5px;margin-left:undefined;margin-right:undefined;\"><div style=\"text-align:undefined;margin-top:0px;margin-bottom:0px\"><p style=\"margin:0;color:undefined;font-size:undefined;\">The code will be expired in 1 hour, please go to the website to active your account.</p></div><div style=\"text-align:undefined;margin-top:5px;margin-bottom:5px\"><a href=\"http://test.servify.ca/account/signin\" target=\"_blank\" style=\"font-size:undefined;color:undefined\" >Servify.ca</a></div><div style=\"height:100%;overflow:hidden;margin-top:5px;margin-bottom:5px\"><img src=\"https://img-getpocket.cdn.mozilla.net/296x148/filters:format(jpeg):quality(60):no_upscale():strip_exif()/https%3A%2F%2Fpocket-image-cache.com%2F1200x%2Ffilters%3Aformat(jpg)%3Aextract_focal()%2Fhttps%253A%252F%252Fs3.amazonaws.com%252Fpocket-collectionapi-prod-images%252F3f6ae79d-c7e8-4970-aebc-db5ae56aa971.jpeg\" alt=\"image\" style=\"width:100%;\" /></div><div style=\"text-align:undefined;margin-top:20px;margin-bottom:5px\"><p style=\"margin:0;color:undefined;font-size:undefined;\">Thank you!!</p></div><div style=\"text-align:undefined;margin-top:5px;margin-bottom:5px\"><p style=\"margin:0;color:undefined;font-size:undefined;\">Servify</p></div></div></td></tr></tbody></table>','Please open the mail with a client that support html or webmail',0,1,1,'2022-05-25 22:42:10','2022-05-25 22:42:10'),(18,0,0,0,'[{\"Email\":\"rcboy.liang@gmail.com\",\"Name\":\"Elo Liang\"}]',1,'[\"Elo Liang\",\"742986\"]','Welcome to servify','<table style=\"width:100%;\"><tbody><tr><td colspan=\"6\" style=\"width:100%;\"><div style=\"padding:5px\"><div style=\"text-align:center;margin-top:0px;margin-bottom:0px\"><h2 style=\"margin:0;color:undefined;font-size:undefined;\">Email Verify</h2></div></div></td></tr><tr><td colspan=\"6\" style=\"width:100%;\"><div style=\"padding:5px\"><div style=\"text-align:undefined;margin-top:0px;margin-bottom:0px\"><h4 style=\"margin:0;color:undefined;font-size:undefined;\">Dear Elo Liang</h4></div></div></td></tr><tr><td colspan=\"6\" style=\"width:100%;\"><div style=\"padding:5px\"><div style=\"text-align:undefined;margin-top:0px;margin-bottom:5px\"><p style=\"margin:0;color:undefined;font-size:undefined;\">Here is your email verify-code: 742986</p></div></div></td></tr><tr><td colspan=\"6\" style=\"width:100%;background-color:undefined;\"><div style=\"padding:5px;margin-left:undefined;margin-right:undefined;\"><div style=\"text-align:undefined;margin-top:0px;margin-bottom:0px\"><p style=\"margin:0;color:undefined;font-size:undefined;\">The code will be expired in 1 hour, please go to the website to active your account.</p></div><div style=\"text-align:undefined;margin-top:5px;margin-bottom:5px\"><a href=\"http://test.servify.ca/account/signin\" target=\"_blank\" style=\"font-size:undefined;color:undefined\" >Servify.ca</a></div><div style=\"height:100%;overflow:hidden;margin-top:5px;margin-bottom:5px\"><img src=\"https://img-getpocket.cdn.mozilla.net/296x148/filters:format(jpeg):quality(60):no_upscale():strip_exif()/https%3A%2F%2Fpocket-image-cache.com%2F1200x%2Ffilters%3Aformat(jpg)%3Aextract_focal()%2Fhttps%253A%252F%252Fs3.amazonaws.com%252Fpocket-collectionapi-prod-images%252F3f6ae79d-c7e8-4970-aebc-db5ae56aa971.jpeg\" alt=\"image\" style=\"width:100%;\" /></div><div style=\"text-align:undefined;margin-top:20px;margin-bottom:5px\"><p style=\"margin:0;color:undefined;font-size:undefined;\">Thank you!!</p></div><div style=\"text-align:undefined;margin-top:5px;margin-bottom:5px\"><p style=\"margin:0;color:undefined;font-size:undefined;\">Servify</p></div></div></td></tr></tbody></table>','Please open the mail with a client that support html or webmail',0,1,1,'2022-05-25 22:43:42','2022-05-25 22:43:42'),(19,0,0,0,'[{\"Email\":\"liangjianwu001@gmail.com\",\"Name\":\"Eddy Liang\"}]',1,'[\"Eddy Liang\",\"508702\"]','Welcome to servify','<table style=\"width:100%;\"><tbody><tr><td colspan=\"6\" style=\"width:100%;\"><div style=\"padding:5px\"><div style=\"text-align:center;margin-top:0px;margin-bottom:0px\"><h2 style=\"margin:0;color:undefined;font-size:undefined;\">Email Verify</h2></div></div></td></tr><tr><td colspan=\"6\" style=\"width:100%;\"><div style=\"padding:5px\"><div style=\"text-align:undefined;margin-top:0px;margin-bottom:0px\"><h4 style=\"margin:0;color:undefined;font-size:undefined;\">Dear Eddy Liang</h4></div></div></td></tr><tr><td colspan=\"6\" style=\"width:100%;\"><div style=\"padding:5px\"><div style=\"text-align:undefined;margin-top:0px;margin-bottom:5px\"><p style=\"margin:0;color:undefined;font-size:undefined;\">Here is your email verify-code: 508702</p></div></div></td></tr><tr><td colspan=\"6\" style=\"width:100%;background-color:undefined;\"><div style=\"padding:5px;margin-left:undefined;margin-right:undefined;\"><div style=\"text-align:undefined;margin-top:0px;margin-bottom:0px\"><p style=\"margin:0;color:undefined;font-size:undefined;\">The code will be expired in 1 hour, please go to the website to active your account.</p></div><div style=\"text-align:undefined;margin-top:5px;margin-bottom:5px\"><a href=\"http://test.servify.ca/account/signin\" target=\"_blank\" style=\"font-size:undefined;color:undefined\" >Servify.ca</a></div><div style=\"height:100%;overflow:hidden;margin-top:5px;margin-bottom:5px\"><img src=\"https://img-getpocket.cdn.mozilla.net/296x148/filters:format(jpeg):quality(60):no_upscale():strip_exif()/https%3A%2F%2Fpocket-image-cache.com%2F1200x%2Ffilters%3Aformat(jpg)%3Aextract_focal()%2Fhttps%253A%252F%252Fs3.amazonaws.com%252Fpocket-collectionapi-prod-images%252F3f6ae79d-c7e8-4970-aebc-db5ae56aa971.jpeg\" alt=\"image\" style=\"width:100%;\" /></div><div style=\"text-align:undefined;margin-top:20px;margin-bottom:5px\"><p style=\"margin:0;color:undefined;font-size:undefined;\">Thank you!!</p></div><div style=\"text-align:undefined;margin-top:5px;margin-bottom:5px\"><p style=\"margin:0;color:undefined;font-size:undefined;\">Servify</p></div></div></td></tr></tbody></table>','Please open the mail with a client that support html or webmail',0,1,1,'2022-05-25 22:43:42','2022-05-25 22:43:42'),(20,0,0,0,'[{\"Email\":\"liangjianwu001@gmail.com\",\"Name\":\"Eddy Liang\"}]',1,'[\"Eddy Liang\",\"508702\"]','Welcome to servify','<table style=\"width:100%;\"><tbody><tr><td colspan=\"6\" style=\"width:100%;\"><div style=\"padding:5px\"><div style=\"text-align:center;margin-top:0px;margin-bottom:0px\"><h2 style=\"margin:0;color:undefined;font-size:undefined;\">Email Verify</h2></div></div></td></tr><tr><td colspan=\"6\" style=\"width:100%;\"><div style=\"padding:5px\"><div style=\"text-align:undefined;margin-top:0px;margin-bottom:0px\"><h4 style=\"margin:0;color:undefined;font-size:undefined;\">Dear Eddy Liang:</h4></div></div></td></tr><tr><td colspan=\"6\" style=\"width:100%;\"><div style=\"padding:5px\"><div style=\"text-align:undefined;margin-top:0px;margin-bottom:5px\"><p style=\"margin:0;color:undefined;font-size:undefined;\">Here is your email verify-code: 508702</p></div></div></td></tr><tr><td colspan=\"6\" style=\"width:100%;background-color:undefined;\"><div style=\"padding:5px;margin-left:undefined;margin-right:undefined;\"><div style=\"text-align:undefined;margin-top:0px;margin-bottom:0px\"><p style=\"margin:0;color:undefined;font-size:undefined;\">The code will be expired in 1 hour, please go to the website to active your account.</p></div><div style=\"text-align:undefined;margin-top:5px;margin-bottom:5px\"><a href=\"http://test.servify.ca/account/signin\" target=\"_blank\" style=\"font-size:undefined;color:undefined\" >Servify.ca</a></div><div style=\"height:100%;overflow:hidden;margin-top:5px;margin-bottom:5px\"><img src=\"https://img-getpocket.cdn.mozilla.net/296x148/filters:format(jpeg):quality(60):no_upscale():strip_exif()/https%3A%2F%2Fpocket-image-cache.com%2F1200x%2Ffilters%3Aformat(jpg)%3Aextract_focal()%2Fhttps%253A%252F%252Fs3.amazonaws.com%252Fpocket-collectionapi-prod-images%252F3f6ae79d-c7e8-4970-aebc-db5ae56aa971.jpeg\" alt=\"image\" style=\"width:100%;\" /></div><div style=\"text-align:undefined;margin-top:20px;margin-bottom:5px\"><p style=\"margin:0;color:undefined;font-size:undefined;\">Thank you!!!</p></div><div style=\"text-align:undefined;margin-top:5px;margin-bottom:5px\"><p style=\"margin:0;color:undefined;font-size:undefined;\">Servify</p></div></div></td></tr></tbody></table>','Please open the mail with a client that support html or webmail',0,1,1,'2022-05-25 22:46:01','2022-05-25 22:46:01'),(21,0,0,0,'[{\"Email\":\"liangjianwu001@gmail.com\",\"Name\":\"Eddy Liang\"}]',1,'[\"Eddy Liang\",\"508702\"]','Welcome to servify','<table style=\"width:100%;max-width:600px;\"><tbody><tr><td colspan=\"6\" style=\"width:100%;\"><div style=\"padding:5px\"><div style=\"text-align:center;margin-top:0px;margin-bottom:0px\"><h2 style=\"margin:0;color:undefined;font-size:undefined;\">Email Verify</h2></div></div></td></tr><tr><td colspan=\"6\" style=\"width:100%;\"><div style=\"padding:5px\"><div style=\"text-align:undefined;margin-top:0px;margin-bottom:0px\"><h4 style=\"margin:0;color:undefined;font-size:undefined;\">Dear Eddy Liang:</h4></div></div></td></tr><tr><td colspan=\"6\" style=\"width:100%;\"><div style=\"padding:5px\"><div style=\"text-align:undefined;margin-top:0px;margin-bottom:5px\"><p style=\"margin:0;color:undefined;font-size:undefined;\">Here is your email verify-code: 508702</p></div></div></td></tr><tr><td colspan=\"6\" style=\"width:100%;background-color:undefined;\"><div style=\"padding:5px;margin-left:undefined;margin-right:undefined;\"><div style=\"text-align:undefined;margin-top:0px;margin-bottom:0px\"><p style=\"margin:0;color:undefined;font-size:undefined;\">The code will be expired in 1 hour, please go to the website to active your account.</p></div><div style=\"text-align:undefined;margin-top:5px;margin-bottom:5px\"><a href=\"http://test.servify.ca/account/signin\" target=\"_blank\" style=\"font-size:undefined;color:undefined\" >Servify.ca</a></div><div style=\"height:100%;overflow:hidden;margin-top:5px;margin-bottom:5px\"><img src=\"https://img-getpocket.cdn.mozilla.net/296x148/filters:format(jpeg):quality(60):no_upscale():strip_exif()/https%3A%2F%2Fpocket-image-cache.com%2F1200x%2Ffilters%3Aformat(jpg)%3Aextract_focal()%2Fhttps%253A%252F%252Fs3.amazonaws.com%252Fpocket-collectionapi-prod-images%252F3f6ae79d-c7e8-4970-aebc-db5ae56aa971.jpeg\" alt=\"image\" style=\"width:100%;\" /></div><div style=\"text-align:undefined;margin-top:20px;margin-bottom:5px\"><p style=\"margin:0;color:undefined;font-size:undefined;\">Thank you!!!</p></div><div style=\"text-align:undefined;margin-top:5px;margin-bottom:5px\"><p style=\"margin:0;color:undefined;font-size:undefined;\">Servify</p></div></div></td></tr></tbody></table>','Please open the mail with a client that support html or webmail',0,1,1,'2022-05-25 22:48:00','2022-05-25 22:48:00'),(22,0,0,0,'[{\"Email\":\"liangjianwu001@gmail.com\",\"Name\":\"Eddy Liang\"}]',1,'[\"Eddy Liang\",\"508702\"]','Welcome to servify','<table style=\"width:100%;max-width:600px;\"><tbody><tr><td colspan=\"6\" style=\"width:100%;background-color:#abcd00;\"><div style=\"padding:5px;margin-left:undefined;margin-right:undefined;\"><div style=\"text-align:center;margin-top:0px;margin-bottom:0px\"><h2 style=\"margin:0;color:undefined;font-size:undefined;\">Email Verify</h2></div></div></td></tr><tr><td colspan=\"6\" style=\"width:100%;background-color:#abcdef;\"><div style=\"padding:5px;margin-left:undefined;margin-right:undefined;\"><div style=\"text-align:undefined;margin-top:0px;margin-bottom:0px\"><h4 style=\"margin:0;color:undefined;font-size:undefined;\">Dear Eddy Liang:</h4></div></div></td></tr><tr><td colspan=\"6\" style=\"width:100%;background-color:#fd03ab;\"><div style=\"padding:5px;margin-left:undefined;margin-right:undefined;\"><div style=\"text-align:undefined;margin-top:0px;margin-bottom:5px\"><p style=\"margin:0;color:undefined;font-size:undefined;\">Here is your email verify-code: 508702</p></div></div></td></tr><tr><td colspan=\"6\" style=\"width:100%;background-color:undefined;\"><div style=\"padding:5px;margin-left:undefined;margin-right:undefined;\"><div style=\"text-align:undefined;margin-top:0px;margin-bottom:0px\"><p style=\"margin:0;color:undefined;font-size:undefined;\">The code will be expired in 1 hour, please go to the website to active your account.</p></div><div style=\"text-align:undefined;margin-top:5px;margin-bottom:5px\"><a href=\"http://test.servify.ca/account/signin\" target=\"_blank\" style=\"font-size:undefined;color:undefined\" >Servify.ca</a></div><div style=\"height:100%;overflow:hidden;margin-top:5px;margin-bottom:5px\"><img src=\"https://img-getpocket.cdn.mozilla.net/296x148/filters:format(jpeg):quality(60):no_upscale():strip_exif()/https%3A%2F%2Fpocket-image-cache.com%2F1200x%2Ffilters%3Aformat(jpg)%3Aextract_focal()%2Fhttps%253A%252F%252Fs3.amazonaws.com%252Fpocket-collectionapi-prod-images%252F3f6ae79d-c7e8-4970-aebc-db5ae56aa971.jpeg\" alt=\"image\" style=\"width:100%;\" /></div><div style=\"text-align:undefined;margin-top:20px;margin-bottom:5px\"><p style=\"margin:0;color:undefined;font-size:undefined;\">Thank you!!!</p></div><div style=\"text-align:undefined;margin-top:5px;margin-bottom:5px\"><p style=\"margin:0;color:undefined;font-size:undefined;\">Servify</p></div></div></td></tr></tbody></table>','Please open the mail with a client that support html or webmail',0,1,1,'2022-05-25 22:49:25','2022-05-25 22:49:25'),(23,0,0,0,'[{\"Email\":\"liangjianwu001@gmail.com\",\"Name\":\"Eddy Liang\"}]',1,'[\"Eddy Liang\",\"508702\"]','Welcome to servify','<table style=\"width:100%;max-width:600px;\"><tbody><tr><td colspan=\"6\" style=\"width:100%;background-color:;\"><div style=\"padding:5px;margin-left:undefined;margin-right:undefined;\"><div style=\"text-align:center;margin-top:0px;margin-bottom:0px\"><h2 style=\"margin:0;color:undefined;font-size:32px;\">Email Verify</h2></div></div></td></tr><tr><td colspan=\"6\" style=\"width:100%;background-color:;\"><div style=\"padding:5px;margin-left:undefined;margin-right:undefined;\"><div style=\"text-align:undefined;margin-top:0px;margin-bottom:0px\"><h4 style=\"margin:0;color:undefined;font-size:18px;\">Dear Eddy Liang:</h4></div></div></td></tr><tr><td colspan=\"6\" style=\"width:100%;background-color:;\"><div style=\"padding:5px;margin-left:undefined;margin-right:undefined;\"><div style=\"text-align:undefined;margin-top:0px;margin-bottom:5px\"><p style=\"margin:0;color:undefined;font-size:16px;\">Here is your email verify-code: 508702</p></div></div></td></tr><tr><td colspan=\"6\" style=\"width:100%;background-color:undefined;\"><div style=\"padding:5px;margin-left:undefined;margin-right:undefined;\"><div style=\"text-align:undefined;margin-top:0px;margin-bottom:0px\"><p style=\"margin:0;color:undefined;font-size:16px;\">The code will be expired in 1 hour, please go to the website to active your account.</p></div><div style=\"text-align:undefined;margin-top:5px;margin-bottom:5px\"><a href=\"http://test.servify.ca/account/signin\" target=\"_blank\" style=\"font-size:16px;color:undefined\" >Servify.ca</a></div><div style=\"text-align:undefined;margin-top:20px;margin-bottom:5px\"><p style=\"margin:0;color:undefined;font-size:16px;\">Thank you!!!</p></div><div style=\"text-align:undefined;margin-top:5px;margin-bottom:5px\"><p style=\"margin:0;color:undefined;font-size:16px;\">Servify</p></div></div></td></tr></tbody></table>','Please open the mail with a client that support html or webmail',0,1,1,'2022-05-25 22:55:20','2022-05-25 22:55:20'),(24,0,0,0,'[{\"Email\":\"liangjianwu001@gmail.com\",\"Name\":\"Eddy Liang\"}]',1,'[\"Eddy Liang\",\"508702\"]','Welcome to servify','<table style=\"width:100%;max-width:600px;margin:0px auth;\"><tbody><tr><td colspan=\"6\" style=\"width:100%;background-color:;\"><div style=\"padding:5px;margin-left:undefined;margin-right:undefined;\"><div style=\"text-align:center;margin-top:0px;margin-bottom:0px\"><h2 style=\"margin:0;color:undefined;font-size:32px;\">Email Verify</h2></div></div></td></tr><tr><td colspan=\"6\" style=\"width:100%;background-color:;\"><div style=\"padding:5px;margin-left:undefined;margin-right:undefined;\"><div style=\"text-align:undefined;margin-top:0px;margin-bottom:0px\"><h4 style=\"margin:0;color:undefined;font-size:18px;\">Dear Eddy Liang:</h4></div></div></td></tr><tr><td colspan=\"6\" style=\"width:100%;background-color:;\"><div style=\"padding:5px;margin-left:undefined;margin-right:undefined;\"><div style=\"text-align:undefined;margin-top:0px;margin-bottom:5px\"><p style=\"margin:0;color:undefined;font-size:16px;\">Here is your email verify-code: 508702</p></div></div></td></tr><tr><td colspan=\"6\" style=\"width:100%;background-color:undefined;\"><div style=\"padding:5px;margin-left:undefined;margin-right:undefined;\"><div style=\"text-align:undefined;margin-top:0px;margin-bottom:0px\"><p style=\"margin:0;color:undefined;font-size:16px;\">The code will be expired in 1 hour, please go to the website to active your account.</p></div><div style=\"text-align:undefined;margin-top:5px;margin-bottom:5px\"><a href=\"http://test.servify.ca/account/signin\" target=\"_blank\" style=\"font-size:16px;color:undefined\" >Servify.ca</a></div><div style=\"text-align:undefined;margin-top:20px;margin-bottom:5px\"><p style=\"margin:0;color:undefined;font-size:16px;\">Thank you!!!</p></div><div style=\"text-align:undefined;margin-top:5px;margin-bottom:5px\"><p style=\"margin:0;color:undefined;font-size:16px;\">Servify</p></div></div></td></tr></tbody></table>','Please open the mail with a client that support html or webmail',0,1,1,'2022-05-25 23:02:02','2022-05-25 23:02:02'),(25,0,0,0,'[{\"Email\":\"liangjianwu001@gmail.com\",\"Name\":\"Eddy Liang\"}]',1,'[\"Eddy Liang\",\"508702\"]','Welcome to servify','<div style=\"margin:0px auto;\"><table style=\"width:100%;max-width:600px;\"><tbody><tr><td colspan=\"6\" style=\"width:100%;background-color:;\"><div style=\"padding:5px;margin-left:undefined;margin-right:undefined;\"><div style=\"text-align:center;margin-top:0px;margin-bottom:0px\"><h2 style=\"margin:0;color:undefined;font-size:32px;\">Email Verify</h2></div></div></td></tr><tr><td colspan=\"6\" style=\"width:100%;background-color:;\"><div style=\"padding:5px;margin-left:undefined;margin-right:undefined;\"><div style=\"text-align:undefined;margin-top:0px;margin-bottom:0px\"><h4 style=\"margin:0;color:undefined;font-size:18px;\">Dear Eddy Liang:</h4></div></div></td></tr><tr><td colspan=\"6\" style=\"width:100%;background-color:;\"><div style=\"padding:5px;margin-left:undefined;margin-right:undefined;\"><div style=\"text-align:undefined;margin-top:0px;margin-bottom:5px\"><p style=\"margin:0;color:undefined;font-size:16px;\">Here is your email verify-code: 508702</p></div></div></td></tr><tr><td colspan=\"6\" style=\"width:100%;background-color:undefined;\"><div style=\"padding:5px;margin-left:undefined;margin-right:undefined;\"><div style=\"text-align:undefined;margin-top:0px;margin-bottom:0px\"><p style=\"margin:0;color:undefined;font-size:16px;\">The code will be expired in 1 hour, please go to the website to active your account.</p></div><div style=\"text-align:undefined;margin-top:5px;margin-bottom:5px\"><a href=\"http://test.servify.ca/account/signin\" target=\"_blank\" style=\"font-size:16px;color:undefined\" >Servify.ca</a></div><div style=\"text-align:undefined;margin-top:20px;margin-bottom:5px\"><p style=\"margin:0;color:undefined;font-size:16px;\">Thank you!!!</p></div><div style=\"text-align:undefined;margin-top:5px;margin-bottom:5px\"><p style=\"margin:0;color:undefined;font-size:16px;\">Servify</p></div></div></td></tr></tbody></table></div>','Please open the mail with a client that support html or webmail',0,1,1,'2022-05-25 23:05:07','2022-05-25 23:05:07'),(26,0,0,0,'[{\"Email\":\"liangjianwu001@gmail.com\",\"Name\":\"Eddy Liang\"}]',1,'[\"Eddy Liang\",\"508702\"]','Welcome to servify','<div style=\"margin:0px auto;max-width:600px;\"><table style=\"width:100%;\"><tbody><tr><td colspan=\"6\" style=\"width:100%;background-color:;\"><div style=\"padding:5px;margin-left:undefined;margin-right:undefined;\"><div style=\"text-align:center;margin-top:0px;margin-bottom:0px\"><h2 style=\"margin:0;color:undefined;font-size:32px;\">Email Verify</h2></div></div></td></tr><tr><td colspan=\"6\" style=\"width:100%;background-color:;\"><div style=\"padding:5px;margin-left:undefined;margin-right:undefined;\"><div style=\"text-align:undefined;margin-top:0px;margin-bottom:0px\"><h4 style=\"margin:0;color:undefined;font-size:18px;\">Dear Eddy Liang:</h4></div></div></td></tr><tr><td colspan=\"6\" style=\"width:100%;background-color:;\"><div style=\"padding:5px;margin-left:undefined;margin-right:undefined;\"><div style=\"text-align:undefined;margin-top:0px;margin-bottom:5px\"><p style=\"margin:0;color:undefined;font-size:16px;\">Here is your email verify-code: 508702</p></div></div></td></tr><tr><td colspan=\"6\" style=\"width:100%;background-color:undefined;\"><div style=\"padding:5px;margin-left:undefined;margin-right:undefined;\"><div style=\"text-align:undefined;margin-top:0px;margin-bottom:0px\"><p style=\"margin:0;color:undefined;font-size:16px;\">The code will be expired in 1 hour, please go to the website to active your account.</p></div><div style=\"text-align:undefined;margin-top:5px;margin-bottom:5px\"><a href=\"http://test.servify.ca/account/signin\" target=\"_blank\" style=\"font-size:16px;color:undefined\" >Servify.ca</a></div><div style=\"text-align:undefined;margin-top:20px;margin-bottom:5px\"><p style=\"margin:0;color:undefined;font-size:16px;\">Thank you!!!</p></div><div style=\"text-align:undefined;margin-top:5px;margin-bottom:5px\"><p style=\"margin:0;color:undefined;font-size:16px;\">Servify</p></div></div></td></tr></tbody></table></div>','Please open the mail with a client that support html or webmail',0,1,1,'2022-05-25 23:06:43','2022-05-25 23:06:43'),(27,0,0,0,'[{\"Email\":\"liangjianwu001@gmail.com\",\"Name\":\"Eddy Liang\"}]',1,'[\"Eddy Liang\",\"Eddy Liang\",\"508702\"]','Eddy Liang, Welcome to servify','<div style=\"margin:0px auto;max-width:600px;\"><table style=\"width:100%;\"><tbody><tr><td colspan=\"6\" style=\"width:100%;background-color:;\"><div style=\"padding:5px;margin-left:undefined;margin-right:undefined;\"><div style=\"text-align:center;margin-top:0px;margin-bottom:0px\"><h2 style=\"margin:0;color:undefined;font-size:32px;\">Email Verify</h2></div></div></td></tr><tr><td colspan=\"6\" style=\"width:100%;background-color:;\"><div style=\"padding:5px;margin-left:undefined;margin-right:undefined;\"><div style=\"text-align:undefined;margin-top:0px;margin-bottom:0px\"><h4 style=\"margin:0;color:undefined;font-size:18px;\">Dear Eddy Liang:</h4></div></div></td></tr><tr><td colspan=\"6\" style=\"width:100%;background-color:;\"><div style=\"padding:5px;margin-left:undefined;margin-right:undefined;\"><div style=\"text-align:undefined;margin-top:0px;margin-bottom:5px\"><p style=\"margin:0;color:undefined;font-size:16px;\">Here is your email verify-code: 508702</p></div></div></td></tr><tr><td colspan=\"6\" style=\"width:100%;background-color:undefined;\"><div style=\"padding:5px;margin-left:undefined;margin-right:undefined;\"><div style=\"text-align:undefined;margin-top:0px;margin-bottom:0px\"><p style=\"margin:0;color:undefined;font-size:16px;\">The code will be expired in 1 hour, please go to the website to active your account.</p></div><div style=\"text-align:undefined;margin-top:5px;margin-bottom:5px\"><a href=\"http://test.servify.ca/account/signin\" target=\"_blank\" style=\"font-size:16px;color:undefined\" >Servify.ca</a></div><div style=\"text-align:undefined;margin-top:20px;margin-bottom:5px\"><p style=\"margin:0;color:undefined;font-size:16px;\">Thank you!!!</p></div><div style=\"text-align:undefined;margin-top:5px;margin-bottom:5px\"><p style=\"margin:0;color:undefined;font-size:16px;\">Servify</p></div></div></td></tr></tbody></table></div>','Please open the mail with a client that support html or webmail',0,1,1,'2022-05-25 23:09:32','2022-05-25 23:09:32'),(28,0,0,0,'[{\"Email\":\"revenliang@163.com\",\"Name\":\"Reven Liang\"}]',1,'[\"Reven Liang\",\"Reven Liang\",\"665602\"]','Reven Liang, Welcome to Servify','<div style=\"margin:0px auto;max-width:800px;\"><table style=\"width:100%;\"><tbody><tr><td colspan=\"6\" style=\"width:100%;background-color:;\"><div style=\"padding:5px;margin-left:undefined;margin-right:undefined;\"><div style=\"text-align:center;margin-top:0px;margin-bottom:0px\"><h2 style=\"margin:0;color:undefined;font-size:32px;\">Email Verify</h2></div></div></td></tr><tr><td colspan=\"6\" style=\"width:100%;background-color:;\"><div style=\"padding:5px;margin-left:undefined;margin-right:undefined;\"><div style=\"text-align:undefined;margin-top:0px;margin-bottom:0px\"><h4 style=\"margin:0;color:undefined;font-size:18px;\">Dear Reven Liang:</h4></div></div></td></tr><tr><td colspan=\"6\" style=\"width:100%;background-color:;\"><div style=\"padding:5px;margin-left:undefined;margin-right:undefined;\"><div style=\"text-align:undefined;margin-top:0px;margin-bottom:5px\"><p style=\"margin:0;color:undefined;font-size:16px;\">Here is your email verify-code: 665602</p></div></div></td></tr><tr><td colspan=\"6\" style=\"width:100%;background-color:undefined;\"><div style=\"padding:5px;margin-left:undefined;margin-right:undefined;\"><div style=\"text-align:undefined;margin-top:0px;margin-bottom:0px\"><p style=\"margin:0;color:undefined;font-size:16px;\">The code will be expired in 1 hour, please go to the website to active your account.</p></div><div style=\"text-align:undefined;margin-top:5px;margin-bottom:5px\"><a href=\"http://test.servify.ca/account/signin\" target=\"_blank\" style=\"font-size:16px;color:undefined\" >Servify.ca</a></div><div style=\"text-align:undefined;margin-top:20px;margin-bottom:5px\"><p style=\"margin:0;color:undefined;font-size:16px;\">Thank you!!!</p></div><div style=\"text-align:undefined;margin-top:5px;margin-bottom:5px\"><p style=\"margin:0;color:undefined;font-size:16px;\">Servify</p></div></div></td></tr></tbody></table></div>','Please open the mail with a client that support html or webmail',0,1,1,'2022-05-26 02:49:42','2022-05-26 02:49:42'),(29,0,0,0,'[{\"Email\":\"liangjianwu001@gmail.com\",\"Name\":\"Leo Liang\"}]',1,'[\"Leo Liang\",\"Leo Liang\",\"089497\"]','Leo Liang, Welcome to Servify','<div style=\"margin:0px auto;max-width:800px;\"><table style=\"width:100%;\"><tbody><tr><td colspan=\"6\" style=\"width:100%;background-color:;\"><div style=\"padding:5px;margin-left:undefined;margin-right:undefined;\"><div style=\"text-align:center;margin-top:0px;margin-bottom:0px\"><h2 style=\"margin:0;color:undefined;font-size:32px;\">Email Verify</h2></div></div></td></tr><tr><td colspan=\"6\" style=\"width:100%;background-color:;\"><div style=\"padding:5px;margin-left:undefined;margin-right:undefined;\"><div style=\"text-align:undefined;margin-top:0px;margin-bottom:0px\"><h4 style=\"margin:0;color:undefined;font-size:18px;\">Dear Leo Liang:</h4></div></div></td></tr><tr><td colspan=\"6\" style=\"width:100%;background-color:;\"><div style=\"padding:5px;margin-left:undefined;margin-right:undefined;\"><div style=\"text-align:undefined;margin-top:0px;margin-bottom:5px\"><p style=\"margin:0;color:undefined;font-size:16px;\">Here is your email verify-code: 089497</p></div></div></td></tr><tr><td colspan=\"6\" style=\"width:100%;background-color:undefined;\"><div style=\"padding:5px;margin-left:undefined;margin-right:undefined;\"><div style=\"text-align:undefined;margin-top:0px;margin-bottom:0px\"><p style=\"margin:0;color:undefined;font-size:16px;\">The code will be expired in 1 hour, please go to the website to active your account.</p></div><div style=\"text-align:undefined;margin-top:5px;margin-bottom:5px\"><a href=\"http://test.servify.ca/account/signin\" target=\"_blank\" style=\"font-size:16px;color:undefined\" >Servify.ca</a></div><div style=\"text-align:undefined;margin-top:20px;margin-bottom:5px\"><p style=\"margin:0;color:undefined;font-size:16px;\">Thank you!!!</p></div><div style=\"text-align:undefined;margin-top:5px;margin-bottom:5px\"><p style=\"margin:0;color:undefined;font-size:16px;\">Servify</p></div></div></td></tr></tbody></table></div>','Please open the mail with a client that support html or webmail',0,1,1,'2022-05-26 02:50:40','2022-05-26 02:50:40'),(30,0,0,0,'[{\"Email\":\"liangjianwu001@gmail.com\",\"Name\":\"Leo Liang\"}]',1,'[\"Leo Liang\",\"Leo Liang\",\"617429\"]','Leo Liang, Welcome to Servify','<div style=\"margin:0px auto;max-width:800px;\"><table style=\"width:100%;\"><tbody><tr><td colspan=\"6\" style=\"width:100%;background-color:;\"><div style=\"padding:5px;margin-left:undefined;margin-right:undefined;\"><div style=\"text-align:center;margin-top:0px;margin-bottom:0px\"><h2 style=\"margin:0;color:undefined;font-size:32px;\">Email Verify</h2></div></div></td></tr><tr><td colspan=\"6\" style=\"width:100%;background-color:;\"><div style=\"padding:5px;margin-left:undefined;margin-right:undefined;\"><div style=\"text-align:undefined;margin-top:0px;margin-bottom:0px\"><h4 style=\"margin:0;color:undefined;font-size:18px;\">Dear Leo Liang:</h4></div></div></td></tr><tr><td colspan=\"6\" style=\"width:100%;background-color:;\"><div style=\"padding:5px;margin-left:undefined;margin-right:undefined;\"><div style=\"text-align:undefined;margin-top:0px;margin-bottom:5px\"><p style=\"margin:0;color:undefined;font-size:16px;\">Here is your email verify-code: 617429</p></div></div></td></tr><tr><td colspan=\"6\" style=\"width:100%;background-color:undefined;\"><div style=\"padding:5px;margin-left:undefined;margin-right:undefined;\"><div style=\"text-align:undefined;margin-top:0px;margin-bottom:0px\"><p style=\"margin:0;color:undefined;font-size:16px;\">The code will be expired in 1 hour, please go to the website to active your account.</p></div><div style=\"text-align:undefined;margin-top:5px;margin-bottom:5px\"><a href=\"http://test.servify.ca/account/signin\" target=\"_blank\" style=\"font-size:16px;color:undefined\" >Servify.ca</a></div><div style=\"text-align:undefined;margin-top:20px;margin-bottom:5px\"><p style=\"margin:0;color:undefined;font-size:16px;\">Thank you!!!</p></div><div style=\"text-align:undefined;margin-top:5px;margin-bottom:5px\"><p style=\"margin:0;color:undefined;font-size:16px;\">Servify</p></div></div></td></tr></tbody></table></div>','Please open the mail with a client that support html or webmail',0,1,1,'2022-05-26 02:50:43','2022-05-26 02:50:43');
/*!40000 ALTER TABLE `email_queue` ENABLE KEYS */;
UNLOCK TABLES;

--
-- Table structure for table `email_template`
--

DROP TABLE IF EXISTS `email_template`;
/*!40101 SET @saved_cs_client     = @@character_set_client */;
/*!50503 SET character_set_client = utf8mb4 */;
CREATE TABLE `email_template` (
  `id` int NOT NULL AUTO_INCREMENT,
  `merchant_id` int DEFAULT '0',
  `user_id` int DEFAULT '0',
  `name` varchar(45) DEFAULT NULL,
  `description` varchar(1024) DEFAULT NULL,
  `title` varchar(256) DEFAULT NULL,
  `variables` text,
  `template` text,
  `status` int DEFAULT '1',
  `create_time` timestamp NULL DEFAULT CURRENT_TIMESTAMP,
  `update_time` datetime DEFAULT NULL,
  PRIMARY KEY (`id`)
) ENGINE=InnoDB AUTO_INCREMENT=7 DEFAULT CHARSET=utf8mb3;
/*!40101 SET character_set_client = @saved_cs_client */;

--
-- Dumping data for table `email_template`
--

LOCK TABLES `email_template` WRITE;
/*!40000 ALTER TABLE `email_template` DISABLE KEYS */;
INSERT INTO `email_template` VALUES (1,9,7,'Customer\'s email Verified mail','You can use this to keep a space for replacing at \"Email title\",\"Title\",\"Subtitle\",\"Text\"','#name#, Welcome to Servify','[{\"type\":\"eTitle\",\"variable\":[\"name\"]},{\"type\":\"subtitle\",\"pos\":[1,0,0],\"variable\":[\"name\"]},{\"type\":\"text\",\"pos\":[2,0,0],\"variable\":[\"code\"]}]','[[[{\"type\":\"title\",\"textAlign\":\"center\",\"text\":\"Email Verify\",\"marginTop\":\"0px\",\"marginBottom\":\"0px\",\"fontSize\":\"32px\"},{\"type\":\"panel\",\"backgroundColor\":\"\"}]],[[{\"type\":\"subtitle\",\"text\":\"Dear #name#:\",\"marginTop\":\"0px\",\"marginBottom\":\"0px\",\"fontSize\":\"18px\"},{\"type\":\"panel\",\"backgroundColor\":\"\"}]],[[{\"type\":\"text\",\"text\":\"Here is your email verify-code: #code#\",\"marginTop\":\"0px\",\"fontSize\":\"16px\"},{\"type\":\"panel\",\"backgroundColor\":\"\"}]],[[{\"type\":\"text\",\"text\":\"The code will be expired in 1 hour, please go to the website to active your account.\",\"marginTop\":\"0px\",\"marginBottom\":\"0px\",\"fontSize\":\"16px\"},{\"type\":\"url\",\"text\":\"Servify.ca\",\"url\":\"http://test.servify.ca/account/signin\",\"fontSize\":\"16px\"},{\"type\":\"text\",\"text\":\"Thank you!!!\",\"marginTop\":\"20px\",\"fontSize\":\"16px\"},{\"type\":\"panel\"},{\"type\":\"text\",\"text\":\"Servify\",\"fontSize\":\"16px\"}]]]',1,'2022-05-25 20:17:18','2022-05-25 20:17:18'),(2,9,7,'Birthday Email',NULL,'Happy Birthday','[{\"type\":\"subtitle\",\"pos\":[0,0,2],\"variable\":[\"name\"]},{\"type\":\"image\",\"pos\":[0,0,4],\"variable\":[\"$src\"]}]','[[[{\"type\":\"title\",\"textAlign\":\"center\",\"text\":\"Happy Birthday\",\"color\":\"#ff3333\"},{\"type\":\"panel\"},{\"type\":\"subtitle\",\"text\":\"Dear %name%\"},{\"type\":\"text\",\"text\":\"Happy birthday!!\",\"marginTop\":\"15px\",\"textAlign\":\"center\"},{\"type\":\"image\",\"marginTop\":\"15px\"}]]]',1,'2022-05-25 20:33:24','2022-05-25 20:33:24'),(3,9,7,'Birthday Email',NULL,'Happy Birthday','[{\"type\":\"subtitle\",\"pos\":[0,0,2],\"variable\":[\"name\"]},{\"type\":\"image\",\"pos\":[0,0,4],\"variable\":[\"$src\"]}]','[[[{\"type\":\"title\",\"textAlign\":\"center\",\"text\":\"Happy Birthday\",\"color\":\"#ff3333\"},{\"type\":\"panel\"},{\"type\":\"subtitle\",\"text\":\"Dear %name%\"},{\"type\":\"text\",\"text\":\"Happy birthday!!\",\"marginTop\":\"15px\",\"textAlign\":\"center\"},{\"type\":\"image\",\"marginTop\":\"15px\"}]]]',0,'2022-05-25 20:46:02','2022-05-25 20:46:02'),(4,9,7,'Birthday Email',NULL,'Happy Birthday','[{\"type\":\"subtitle\",\"pos\":[0,0,2],\"variable\":[\"name\"]},{\"type\":\"image\",\"pos\":[0,0,4],\"variable\":[\"$src\"]}]','[[[{\"type\":\"title\",\"textAlign\":\"center\",\"text\":\"Happy Birthday\",\"color\":\"#ff3333\"},{\"type\":\"panel\"},{\"type\":\"subtitle\",\"text\":\"Dear %name%\"},{\"type\":\"text\",\"text\":\"Happy birthday!!\",\"marginTop\":\"15px\",\"textAlign\":\"center\"},{\"type\":\"image\",\"marginTop\":\"15px\"}]]]',0,'2022-05-25 20:47:12','2022-05-25 20:47:12'),(5,9,7,'Customer\'s email Verified mail','You can use this to keep a space for replacing at \"Email title\",\"Title\",\"Subtitle\",\"Text\"','Welcome to servify','[{\"type\":\"subtitle\",\"pos\":[1,0,0],\"variable\":[\"name\"]},{\"type\":\"text\",\"pos\":[2,0,0],\"variable\":[\"code\"]},{\"type\":\"image\",\"pos\":[3,0,2],\"variable\":[\"$src\"]}]','[[[{\"type\":\"title\",\"textAlign\":\"center\",\"text\":\"Email Verify\",\"marginTop\":\"0px\",\"marginBottom\":\"0px\"}]],[[{\"type\":\"subtitle\",\"text\":\"Dear %name%\",\"marginTop\":\"0px\",\"marginBottom\":\"0px\"}]],[[{\"type\":\"text\",\"text\":\"Here is your email verify-code: %code%\",\"marginTop\":\"0px\"}]],[[{\"type\":\"text\",\"text\":\"The code will be expired in 1 hour, please go to the website to active your account.\",\"marginTop\":\"0px\",\"marginBottom\":\"0px\"},{\"type\":\"url\",\"text\":\"Servify.ca\",\"url\":\"http://test.servify.ca/account/signin\"},{\"type\":\"image\",\"height\":\"60px\",\"marginTop\":\"15px\"},{\"type\":\"text\",\"text\":\"Thank you!!\",\"marginTop\":\"20px\"},{\"type\":\"panel\"},{\"type\":\"text\",\"text\":\"Servify\"}]]]',0,'2022-05-25 20:47:19','2022-05-25 20:47:19'),(6,9,7,'Customer\'s email Verified mail','You can use this to keep a space for replacing at \"Email title\",\"Title\",\"Subtitle\",\"Text\"','#name#, Welcome to Servify','[{\"type\":\"eTitle\",\"variable\":[\"name\"]},{\"type\":\"subtitle\",\"pos\":[1,0,0],\"variable\":[\"name\"]},{\"type\":\"text\",\"pos\":[2,0,0],\"variable\":[\"code\"]}]','[[[{\"type\":\"title\",\"textAlign\":\"center\",\"text\":\"Email Verify\",\"marginTop\":\"0px\",\"marginBottom\":\"0px\",\"fontSize\":\"32px\"},{\"type\":\"panel\",\"backgroundColor\":\"\"}]],[[{\"type\":\"subtitle\",\"text\":\"Dear #name#:\",\"marginTop\":\"0px\",\"marginBottom\":\"0px\",\"fontSize\":\"18px\"},{\"type\":\"panel\",\"backgroundColor\":\"\"}]],[[{\"type\":\"text\",\"text\":\"Here is your email verify-code: #code#\",\"marginTop\":\"0px\",\"fontSize\":\"16px\"},{\"type\":\"panel\",\"backgroundColor\":\"\"}]],[[{\"type\":\"text\",\"text\":\"The code will be expired in 1 hour, please go to the website to active your account.\",\"marginTop\":\"0px\",\"marginBottom\":\"0px\",\"fontSize\":\"16px\"},{\"type\":\"url\",\"text\":\"Servify.ca\",\"url\":\"http://test.servify.ca/account/signin\",\"fontSize\":\"16px\"},{\"type\":\"text\",\"text\":\"Thank you!!!\",\"marginTop\":\"20px\",\"fontSize\":\"16px\"},{\"type\":\"panel\"},{\"type\":\"text\",\"text\":\"Servify\",\"fontSize\":\"16px\"}]]]',0,'2022-05-25 23:16:58','2022-05-25 23:16:58');
/*!40000 ALTER TABLE `email_template` ENABLE KEYS */;
UNLOCK TABLES;

--
-- Table structure for table `event`
--

DROP TABLE IF EXISTS `event`;
/*!40101 SET @saved_cs_client     = @@character_set_client */;
/*!50503 SET character_set_client = utf8mb4 */;
CREATE TABLE `event` (
  `id` int NOT NULL AUTO_INCREMENT,
  `merchant_id` int DEFAULT '0',
  `user_id` int DEFAULT '0',
  `name` varchar(128) NOT NULL,
  `code` varchar(32) DEFAULT NULL,
  `sign` int DEFAULT '1',
  `form` text,
  `description` varchar(1024) DEFAULT NULL,
  `pageurl` varchar(128) DEFAULT NULL,
  `template` text,
  `html` text,
  `begin` date DEFAULT NULL,
  `end` date DEFAULT NULL,
  `status` int DEFAULT '1',
  `create_time` timestamp NULL DEFAULT CURRENT_TIMESTAMP,
  `update_time` datetime DEFAULT NULL,
  PRIMARY KEY (`id`)
) ENGINE=InnoDB AUTO_INCREMENT=3 DEFAULT CHARSET=utf8mb3;
/*!40101 SET character_set_client = @saved_cs_client */;

--
-- Dumping data for table `event`
--

LOCK TABLES `event` WRITE;
/*!40000 ALTER TABLE `event` DISABLE KEYS */;
INSERT INTO `event` VALUES (1,9,7,'Summer camps','CcQfPN',1,NULL,NULL,NULL,'[]','','2022-05-01','2022-05-31',1,'2022-05-27 22:32:46','2022-05-27 22:32:46'),(2,9,7,'Summer Camps','KG7dDn',1,'[{\"type\":\"section\",\"items\":[{\"type\":\"input\",\"name\":\"name\",\"label\":\"Your name\"},{\"type\":\"radio\",\"name\":\"gender\",\"label\":\"\",\"options\":\",,\"},{\"type\":\"date\",\"name\":\"birthday\",\"label\":\"Birthday\"},{\"type\":\"input\",\"name\":\"email\",\"label\":\"Email\"},{\"type\":\"input\",\"name\":\"phone\",\"label\":\"Phone\"}],\"label\":\"\"},{\"type\":\"section\",\"items\":[{\"type\":\"check\",\"name\":\"camp-morning\",\"label\":\"  912\"},{\"type\":\"option\",\"name\":\"days\",\"label\":\"\",\"options\":\",,,,\"},{\"type\":\"text\",\"label\":\"Camp #1 2022-5-12022-5-30\"}],\"label\":\"Camp #1\"},{\"type\":\"section\",\"items\":[{\"type\":\"check\",\"name\":\"camp-afternoon\",\"label\":\" 15\"},{\"type\":\"option\",\"name\":\"days\",\"label\":\"\",\"options\":\",,,,\"}],\"label\":\"Camp #2\"}]',NULL,NULL,'[[[{\"type\":\"title\",\"text\":\"Summer camp is coming\",\"textAlign\":\"center\",\"fontSize\":\"48px\",\"color\":\"#ff0000\"},{\"type\":\"panel\"}]],[[{\"type\":\"image\"}],[{\"type\":\"panel\"},{\"type\":\"image\"}]],[[{\"type\":\"panel\"},{\"type\":\"text\",\"text\":\"body1. Lorem ipsum dolor sit amet, consectetur adipisicing elit. Quos blanditiis tenetur unde suscipit, quam beatae rerum inventore consectetur, neque doloribus, cupiditate numquam dignissimos laborum fugiat deleniti? Eum quasi quidem quibusdam.\"},{\"type\":\"image\"}]],[[{\"type\":\"url\",\"text\":\"\",\"url\":\"http://google.com\"}]],[[{\"type\":\"text\",\"text\":\"\",\"color\":\"#ff0000\"}]]]','<div style=\"margin:0px auto;max-width:800px;\"><table style=\"width:100%;\"><tbody><tr><td colspan=\"6\" style=\"width:100%;background-color:undefined;\"><div style=\"padding:5px;margin-left:undefined;margin-right:undefined;\"><div style=\"text-align:center;margin-top:5px;margin-bottom:5px\"><h2 style=\"margin:0;color:#ff0000;font-size:48px;\">Summer camp is coming</h2></div></div></td></tr><tr><td colspan=\"3\" style=\"width:50%;\"><div style=\"padding:5px\"><div style=\"height:100%;overflow:hidden;margin-top:5px;margin-bottom:5px\"><img src=\"https://img-getpocket.cdn.mozilla.net/296x148/filters:format(jpeg):quality(60):no_upscale():strip_exif()/https%3A%2F%2Fmedia.glamour.com%2Fphotos%2F6287a3d13b27028f51acd01b%2F16%3A9%2Fw_1280%2Cc_limit%2Fmyth-of-mom-hair-v3.jpg\" alt=\"image\" style=\"width:100%;\" /></div></div></td><td colspan=\"3\" style=\"width:50%;background-color:undefined;\"><div style=\"padding:5px;margin-left:undefined;margin-right:undefined;\"><div style=\"height:100%;overflow:hidden;margin-top:5px;margin-bottom:5px\"><img src=\"https://img-getpocket.cdn.mozilla.net/296x148/filters:format(jpeg):quality(60):no_upscale():strip_exif()/https%3A%2F%2Fmedia.glamour.com%2Fphotos%2F6287a3d13b27028f51acd01b%2F16%3A9%2Fw_1280%2Cc_limit%2Fmyth-of-mom-hair-v3.jpg\" alt=\"image\" style=\"width:100%;\" /></div></div></td></tr><tr><td colspan=\"6\" style=\"width:100%;background-color:undefined;\"><div style=\"padding:5px;margin-left:undefined;margin-right:undefined;\"><div style=\"text-align:undefined;margin-top:5px;margin-bottom:5px\"><p style=\"margin:0;color:undefined;font-size:undefined;\">body1. Lorem ipsum dolor sit amet, consectetur adipisicing elit. Quos blanditiis tenetur unde suscipit, quam beatae rerum inventore consectetur, neque doloribus, cupiditate numquam dignissimos laborum fugiat deleniti? Eum quasi quidem quibusdam.</p></div><div style=\"height:100%;overflow:hidden;margin-top:5px;margin-bottom:5px\"><img src=\"https://img-getpocket.cdn.mozilla.net/296x148/filters:format(jpeg):quality(60):no_upscale():strip_exif()/https%3A%2F%2Fmedia.glamour.com%2Fphotos%2F6287a3d13b27028f51acd01b%2F16%3A9%2Fw_1280%2Cc_limit%2Fmyth-of-mom-hair-v3.jpg\" alt=\"image\" style=\"width:100%;\" /></div></div></td></tr><tr><td colspan=\"6\" style=\"width:100%;\"><div style=\"padding:5px\"><div style=\"text-align:undefined;margin-top:5px;margin-bottom:5px\"><a href=\"http://google.com\" target=\"_blank\" style=\"font-size:undefined;color:undefined\" ></a></div></div></td></tr><tr><td colspan=\"6\" style=\"width:100%;\"><div style=\"padding:5px\"><div style=\"text-align:undefined;margin-top:5px;margin-bottom:5px\"><p style=\"margin:0;color:#ff0000;font-size:undefined;\"></p></div></div></td></tr></tbody></table></div>','2022-05-01','2022-05-31',1,'2022-05-27 22:36:59','2022-05-27 22:36:59');
/*!40000 ALTER TABLE `event` ENABLE KEYS */;
UNLOCK TABLES;

--
-- Table structure for table `event_form`
--

DROP TABLE IF EXISTS `event_form`;
/*!40101 SET @saved_cs_client     = @@character_set_client */;
/*!50503 SET character_set_client = utf8mb4 */;
CREATE TABLE `event_form` (
  `id` int NOT NULL AUTO_INCREMENT,
  `event_id` int DEFAULT '0',
  `type` varchar(16) NOT NULL,
  `name` varchar(32) NOT NULL,
  `label` varchar(64) DEFAULT NULL,
  `options` varchar(256) DEFAULT NULL,
  `has_note` int DEFAULT '0',
  `note_desc` varchar(256) DEFAULT NULL,
  `status` int DEFAULT '1',
  `create_time` timestamp NULL DEFAULT CURRENT_TIMESTAMP,
  `update_time` datetime DEFAULT NULL,
  PRIMARY KEY (`id`)
) ENGINE=InnoDB DEFAULT CHARSET=utf8mb3;
/*!40101 SET character_set_client = @saved_cs_client */;

--
-- Dumping data for table `event_form`
--

LOCK TABLES `event_form` WRITE;
/*!40000 ALTER TABLE `event_form` DISABLE KEYS */;
/*!40000 ALTER TABLE `event_form` ENABLE KEYS */;
UNLOCK TABLES;

--
-- Table structure for table `member`
--

DROP TABLE IF EXISTS `member`;
/*!40101 SET @saved_cs_client     = @@character_set_client */;
/*!50503 SET character_set_client = utf8mb4 */;
CREATE TABLE `member` (
  `id` int NOT NULL AUTO_INCREMENT,
  `email` varchar(64) NOT NULL,
  `passwd` varchar(64) NOT NULL,
  `customer_id` int DEFAULT '0',
  `email_verified` int DEFAULT '0',
  `status` int DEFAULT '1',
  `create_time` timestamp NULL DEFAULT CURRENT_TIMESTAMP,
  `update_time` datetime DEFAULT NULL,
  PRIMARY KEY (`id`)
) ENGINE=InnoDB DEFAULT CHARSET=utf8mb3;
/*!40101 SET character_set_client = @saved_cs_client */;

--
-- Dumping data for table `member`
--

LOCK TABLES `member` WRITE;
/*!40000 ALTER TABLE `member` DISABLE KEYS */;
/*!40000 ALTER TABLE `member` ENABLE KEYS */;
UNLOCK TABLES;

--
-- Table structure for table `member_event`
--

DROP TABLE IF EXISTS `member_event`;
/*!40101 SET @saved_cs_client     = @@character_set_client */;
/*!50503 SET character_set_client = utf8mb4 */;
CREATE TABLE `member_event` (
  `id` int NOT NULL AUTO_INCREMENT,
  `member_id` int DEFAULT '0',
  `event_id` int DEFAULT '0',
  `form` text,
  `status` int DEFAULT '1',
  `create_time` timestamp NULL DEFAULT CURRENT_TIMESTAMP,
  `update_time` datetime DEFAULT NULL,
  PRIMARY KEY (`id`)
) ENGINE=InnoDB DEFAULT CHARSET=utf8mb3;
/*!40101 SET character_set_client = @saved_cs_client */;

--
-- Dumping data for table `member_event`
--

LOCK TABLES `member_event` WRITE;
/*!40000 ALTER TABLE `member_event` DISABLE KEYS */;
/*!40000 ALTER TABLE `member_event` ENABLE KEYS */;
UNLOCK TABLES;

--
-- Table structure for table `merchant_app`
--

DROP TABLE IF EXISTS `merchant_app`;
/*!40101 SET @saved_cs_client     = @@character_set_client */;
/*!50503 SET character_set_client = utf8mb4 */;
CREATE TABLE `merchant_app` (
  `id` int NOT NULL AUTO_INCREMENT,
  `merchant_id` int DEFAULT '0',
  `app_id` int DEFAULT '0',
  `authtree` text,
  `status` int DEFAULT '0',
  `create_time` timestamp NULL DEFAULT CURRENT_TIMESTAMP,
  `update_time` datetime DEFAULT NULL,
  PRIMARY KEY (`id`)
) ENGINE=InnoDB AUTO_INCREMENT=11 DEFAULT CHARSET=utf8mb3;
/*!40101 SET character_set_client = @saved_cs_client */;

--
-- Dumping data for table `merchant_app`
--

LOCK TABLES `merchant_app` WRITE;
/*!40000 ALTER TABLE `merchant_app` DISABLE KEYS */;
INSERT INTO `merchant_app` VALUES (5,9,1,NULL,1,'2022-05-13 14:43:29','2022-05-13 14:43:29'),(6,12,1,NULL,1,'2022-05-13 18:08:44','2022-05-13 18:08:44'),(7,9,2,'[{\"code\":\"300\",\"isMenu\":true,\"items\":[{\"code\":\"300100\",\"auth\":true,\"name\":\"Dashboard\",\"url\":\"/member/dashboard\",\"type\":\"page\",\"isMenu\":true,\"items\":[]}]},{\"code\":\"301\",\"isMenu\":true,\"items\":[{\"code\":\"301100\",\"name\":\"My Customers\",\"url\":\"/member/members\",\"type\":\"page\",\"isMenu\":true,\"items\":[]},{\"code\":\"301102\",\"name\":\"Tasks\",\"url\":\"/member/balancesetting\",\"type\":\"page\",\"isMenu\":true,\"items\":[]},{\"code\":\"301103\",\"name\":\"Calendar\",\"url\":\"/member/servicesetting\",\"type\":\"page\",\"isMenu\":true,\"items\":[]}]}]',1,'2022-05-17 13:05:59','2022-05-17 13:05:59'),(8,13,1,'[{\"code\":\"201\",\"isMenu\":true,\"items\":[{\"code\":\"201100\",\"auth\":true,\"name\":\"Dashboard\",\"url\":\"/crm/dashboard\",\"type\":\"page\",\"isMenu\":true,\"items\":[]}]},{\"code\":\"200\",\"isMenu\":true,\"items\":[{\"code\":\"200100\",\"name\":\"My Customers\",\"url\":\"/crm/mycustomer\",\"type\":\"page\",\"isMenu\":true,\"items\":[]},{\"code\":\"200102\",\"name\":\"Tasks\",\"url\":\"/crm/task\",\"type\":\"page\",\"isMenu\":true,\"items\":[]},{\"code\":\"200103\",\"name\":\"Calendar\",\"url\":\"/crm/calendar\",\"type\":\"page\",\"isMenu\":true,\"items\":[]},{\"code\":\"200104\",\"name\":\"Templates\",\"url\":\"/crm/template\",\"type\":\"page\",\"isMenu\":true,\"items\":[]}]}]',1,'2022-05-26 02:51:39','2022-05-26 02:51:39'),(9,13,2,'[{\"code\":\"300\",\"isMenu\":true,\"items\":[{\"code\":\"300100\",\"auth\":true,\"name\":\"Dashboard\",\"url\":\"/member/dashboard\",\"type\":\"page\",\"isMenu\":true,\"items\":[]}]},{\"code\":\"301\",\"isMenu\":true,\"items\":[{\"code\":\"301100\",\"name\":\"Members\",\"url\":\"/member/members\",\"type\":\"page\",\"isMenu\":true,\"items\":[]},{\"code\":\"301101\",\"name\":\"Transactions\",\"url\":\"/member/transactions/0\",\"type\":\"page\",\"isMenu\":true,\"items\":[]},{\"code\":\"301102\",\"name\":\"Products\",\"url\":\"/member/products\",\"type\":\"page\",\"isMenu\":true,\"items\":[]}]}]',1,'2022-05-26 02:51:43','2022-05-26 02:51:43'),(10,9,3,'[{\"code\":\"400\",\"isMenu\":true,\"items\":[{\"code\":\"400100\",\"auth\":true,\"name\":\"Dashboard\",\"url\":\"/event/dashboard\",\"type\":\"page\",\"isMenu\":true,\"items\":[]}]},{\"code\":\"401\",\"isMenu\":true,\"items\":[{\"code\":\"401100\",\"name\":\"Events\",\"url\":\"/event/events\",\"type\":\"page\",\"isMenu\":true,\"items\":[]},{\"code\":\"401100\",\"name\":\"Templates\",\"url\":\"/event/templates\",\"type\":\"page\",\"isMenu\":true,\"items\":[]},{\"code\":\"401101\",\"name\":\"Resources\",\"url\":\"/merchant/resources\",\"type\":\"page\",\"isMenu\":true,\"items\":[]}]}]',1,'2022-05-27 16:29:00','2022-05-27 16:29:00');
/*!40000 ALTER TABLE `merchant_app` ENABLE KEYS */;
UNLOCK TABLES;

--
-- Table structure for table `merchant_customer`
--

DROP TABLE IF EXISTS `merchant_customer`;
/*!40101 SET @saved_cs_client     = @@character_set_client */;
/*!50503 SET character_set_client = utf8mb4 */;
CREATE TABLE `merchant_customer` (
  `id` int NOT NULL AUTO_INCREMENT,
  `merchant_id` int DEFAULT NULL,
  `user_id` int DEFAULT NULL,
  `customer_id` int DEFAULT NULL,
  `membership` int DEFAULT '0',
  `ext` text,
  `create_time` timestamp NULL DEFAULT CURRENT_TIMESTAMP,
  `update_time` datetime DEFAULT NULL COMMENT '0: pre-user\n1:user\n2:vip\n3:gold vip\n4:super vip',
  `status` int DEFAULT '1',
  PRIMARY KEY (`id`)
) ENGINE=InnoDB AUTO_INCREMENT=435 DEFAULT CHARSET=utf8mb3;
/*!40101 SET character_set_client = @saved_cs_client */;

--
-- Dumping data for table `merchant_customer`
--

LOCK TABLES `merchant_customer` WRITE;
/*!40000 ALTER TABLE `merchant_customer` DISABLE KEYS */;
INSERT INTO `merchant_customer` VALUES (1,9,7,1,0,NULL,'2022-05-16 20:33:23','2022-05-16 20:33:23',1),(2,9,7,2,0,NULL,'2022-05-16 20:33:23','2022-05-16 20:33:23',1),(3,9,7,3,0,NULL,'2022-05-16 20:33:23','2022-05-16 20:33:23',1),(4,9,7,4,0,NULL,'2022-05-16 20:33:23','2022-05-16 20:33:23',1),(5,9,7,5,0,NULL,'2022-05-16 20:33:23','2022-05-16 20:33:23',1),(6,9,7,6,0,NULL,'2022-05-16 20:33:23','2022-05-16 20:33:23',1),(7,9,7,7,0,NULL,'2022-05-16 20:35:55','2022-05-16 20:35:55',1),(8,9,7,8,0,NULL,'2022-05-16 20:35:55','2022-05-16 20:35:55',1),(9,9,7,9,0,NULL,'2022-05-16 20:38:07','2022-05-16 20:38:07',1),(10,9,7,10,0,NULL,'2022-05-16 20:38:07','2022-05-16 20:38:07',1),(11,9,7,11,0,NULL,'2022-05-16 21:32:14','2022-05-16 21:32:14',1),(12,9,7,12,0,NULL,'2022-05-16 21:32:14','2022-05-16 21:32:14',1),(13,9,7,13,0,NULL,'2022-05-16 21:53:46','2022-05-16 21:53:46',1),(14,9,7,14,0,NULL,'2022-05-16 21:53:46','2022-05-16 21:53:46',1),(15,9,7,15,0,NULL,'2022-05-16 21:53:46','2022-05-16 21:53:46',1),(16,9,7,16,0,NULL,'2022-05-16 21:53:46','2022-05-16 21:53:46',1),(17,9,7,17,0,NULL,'2022-05-16 21:53:46','2022-05-16 21:53:46',1),(18,9,7,18,0,NULL,'2022-05-16 21:53:46','2022-05-16 21:53:46',1),(19,9,7,19,0,NULL,'2022-05-16 21:53:46','2022-05-16 21:53:46',1),(20,9,7,20,0,NULL,'2022-05-16 21:53:46','2022-05-16 21:53:46',1),(21,9,7,21,0,NULL,'2022-05-16 21:53:46','2022-05-16 21:53:46',1),(22,9,7,22,0,NULL,'2022-05-16 21:53:46','2022-05-16 21:53:46',1),(23,9,7,23,0,NULL,'2022-05-16 21:53:46','2022-05-16 21:53:46',1),(24,9,7,24,0,NULL,'2022-05-16 21:53:46','2022-05-16 21:53:46',1),(25,9,7,25,0,NULL,'2022-05-16 21:53:46','2022-05-16 21:53:46',1),(26,9,7,26,0,NULL,'2022-05-16 21:53:46','2022-05-16 21:53:46',1),(27,9,7,27,0,NULL,'2022-05-16 21:53:46','2022-05-16 21:53:46',1),(28,9,7,28,0,NULL,'2022-05-16 21:53:46','2022-05-16 21:53:46',1),(29,9,7,29,0,NULL,'2022-05-16 21:53:46','2022-05-16 21:53:46',1),(30,9,7,30,0,NULL,'2022-05-16 21:53:46','2022-05-16 21:53:46',1),(31,9,7,31,0,NULL,'2022-05-16 21:53:46','2022-05-16 21:53:46',1),(32,9,7,32,0,NULL,'2022-05-16 21:53:46','2022-05-16 21:53:46',1),(33,9,7,33,0,NULL,'2022-05-16 21:53:46','2022-05-16 21:53:46',1),(34,9,7,34,0,NULL,'2022-05-16 21:53:46','2022-05-16 21:53:46',1),(35,9,7,35,0,NULL,'2022-05-16 21:53:46','2022-05-16 21:53:46',1),(36,9,7,36,0,NULL,'2022-05-16 21:53:46','2022-05-16 21:53:46',1),(37,9,7,37,0,NULL,'2022-05-16 21:53:46','2022-05-16 21:53:46',1),(38,9,7,38,0,NULL,'2022-05-16 21:53:46','2022-05-16 21:53:46',1),(39,9,7,39,0,NULL,'2022-05-16 21:53:46','2022-05-16 21:53:46',1),(40,9,7,40,0,NULL,'2022-05-16 21:53:47','2022-05-16 21:53:47',1),(41,9,7,41,0,NULL,'2022-05-16 21:53:47','2022-05-16 21:53:47',1),(42,9,7,42,0,NULL,'2022-05-16 21:53:47','2022-05-16 21:53:47',1),(43,9,7,43,0,NULL,'2022-05-16 21:53:47','2022-05-16 21:53:47',1),(44,9,7,44,0,NULL,'2022-05-16 21:53:47','2022-05-16 21:53:47',1),(45,9,7,45,0,NULL,'2022-05-16 21:53:47','2022-05-16 21:53:47',1),(46,9,7,46,0,NULL,'2022-05-16 21:53:47','2022-05-16 21:53:47',1),(47,9,7,47,0,NULL,'2022-05-16 21:53:47','2022-05-16 21:53:47',1),(48,9,7,48,0,NULL,'2022-05-16 21:53:47','2022-05-16 21:53:47',1),(49,9,7,49,0,NULL,'2022-05-16 21:53:47','2022-05-16 21:53:47',1),(50,9,7,50,0,NULL,'2022-05-16 21:53:47','2022-05-16 21:53:47',1),(51,9,7,51,0,NULL,'2022-05-16 21:53:47','2022-05-16 21:53:47',1),(52,9,7,52,0,NULL,'2022-05-16 21:53:47','2022-05-16 21:53:47',1),(53,9,7,53,0,NULL,'2022-05-16 21:53:47','2022-05-16 21:53:47',1),(54,9,7,54,0,NULL,'2022-05-16 21:53:47','2022-05-16 21:53:47',1),(55,9,7,55,0,NULL,'2022-05-16 21:53:47','2022-05-16 21:53:47',1),(56,9,7,56,0,NULL,'2022-05-16 21:53:47','2022-05-16 21:53:47',1),(57,9,7,57,0,NULL,'2022-05-16 21:53:47','2022-05-16 21:53:47',1),(58,9,7,58,0,NULL,'2022-05-16 21:53:47','2022-05-16 21:53:47',1),(59,9,7,59,0,NULL,'2022-05-16 21:53:47','2022-05-16 21:53:47',1),(60,9,7,60,0,NULL,'2022-05-16 21:53:47','2022-05-16 21:53:47',1),(61,9,7,61,0,NULL,'2022-05-16 21:53:47','2022-05-16 21:53:47',1),(62,9,7,62,0,NULL,'2022-05-16 21:53:47','2022-05-16 21:53:47',1),(63,9,7,63,0,NULL,'2022-05-16 21:53:47','2022-05-16 21:53:47',1),(64,9,7,64,0,NULL,'2022-05-16 21:53:47','2022-05-16 21:53:47',1),(65,9,7,65,0,NULL,'2022-05-16 21:53:47','2022-05-16 21:53:47',1),(66,9,7,66,0,NULL,'2022-05-16 21:53:47','2022-05-16 21:53:47',1),(67,9,7,67,0,NULL,'2022-05-16 21:53:47','2022-05-16 21:53:47',1),(68,9,7,68,0,NULL,'2022-05-16 21:53:47','2022-05-16 21:53:47',1),(69,9,7,69,0,NULL,'2022-05-16 21:53:47','2022-05-16 21:53:47',1),(70,9,7,70,0,NULL,'2022-05-16 21:53:47','2022-05-16 21:53:47',1),(71,9,7,71,0,NULL,'2022-05-16 21:53:47','2022-05-16 21:53:47',1),(72,9,7,72,0,NULL,'2022-05-16 21:53:47','2022-05-16 21:53:47',1),(73,9,7,73,0,NULL,'2022-05-16 21:53:47','2022-05-16 21:53:47',1),(74,9,7,74,0,NULL,'2022-05-16 21:53:47','2022-05-16 21:53:47',1),(75,9,7,75,0,NULL,'2022-05-16 21:53:47','2022-05-16 21:53:47',1),(76,9,7,76,0,NULL,'2022-05-16 21:53:47','2022-05-16 21:53:47',1),(77,9,7,77,0,NULL,'2022-05-16 21:53:47','2022-05-16 21:53:47',1),(78,9,7,78,0,NULL,'2022-05-16 21:53:47','2022-05-16 21:53:47',1),(79,9,7,79,0,NULL,'2022-05-16 21:53:47','2022-05-16 21:53:47',1),(80,9,7,80,0,NULL,'2022-05-16 21:53:47','2022-05-16 21:53:47',1),(81,9,7,81,0,NULL,'2022-05-16 21:53:47','2022-05-16 21:53:47',1),(82,9,7,82,0,NULL,'2022-05-16 21:53:47','2022-05-16 21:53:47',1),(83,9,7,83,0,NULL,'2022-05-16 21:53:47','2022-05-16 21:53:47',1),(84,9,7,84,0,NULL,'2022-05-16 21:53:47','2022-05-16 21:53:47',1),(85,9,7,85,0,NULL,'2022-05-16 21:53:47','2022-05-16 21:53:47',1),(86,9,7,86,0,NULL,'2022-05-16 21:53:47','2022-05-16 21:53:47',1),(87,9,7,87,0,NULL,'2022-05-16 21:53:47','2022-05-16 21:53:47',1),(88,9,7,88,0,NULL,'2022-05-16 21:53:47','2022-05-16 21:53:47',1),(89,9,7,89,0,NULL,'2022-05-16 21:53:47','2022-05-16 21:53:47',1),(90,9,7,90,0,NULL,'2022-05-16 21:53:47','2022-05-16 21:53:47',1),(91,9,7,91,0,NULL,'2022-05-16 21:53:47','2022-05-16 21:53:47',1),(92,9,7,92,0,NULL,'2022-05-16 21:53:47','2022-05-16 21:53:47',1),(93,9,7,93,0,NULL,'2022-05-16 21:53:47','2022-05-16 21:53:47',1),(94,9,7,94,0,NULL,'2022-05-16 21:53:47','2022-05-16 21:53:47',1),(95,9,7,95,0,NULL,'2022-05-16 21:53:47','2022-05-16 21:53:47',1),(96,9,7,96,0,NULL,'2022-05-16 21:53:48','2022-05-16 21:53:48',1),(97,9,7,97,0,NULL,'2022-05-16 21:53:48','2022-05-16 21:53:48',1),(98,9,7,98,0,NULL,'2022-05-16 21:53:48','2022-05-16 21:53:48',1),(99,9,7,99,0,NULL,'2022-05-16 21:53:48','2022-05-16 21:53:48',1),(100,9,7,100,0,NULL,'2022-05-16 21:53:48','2022-05-16 21:53:48',1),(101,9,7,101,0,NULL,'2022-05-16 21:53:48','2022-05-16 21:53:48',1),(102,9,7,102,0,NULL,'2022-05-16 21:53:48','2022-05-16 21:53:48',1),(103,9,7,103,0,NULL,'2022-05-16 21:53:48','2022-05-16 21:53:48',1),(104,9,7,104,0,NULL,'2022-05-16 21:53:48','2022-05-16 21:53:48',1),(105,9,7,105,0,NULL,'2022-05-16 21:53:48','2022-05-16 21:53:48',1),(106,9,7,106,0,NULL,'2022-05-16 21:53:48','2022-05-16 21:53:48',1),(107,9,7,107,0,NULL,'2022-05-16 21:53:48','2022-05-16 21:53:48',1),(108,9,7,108,0,NULL,'2022-05-16 21:53:48','2022-05-16 21:53:48',1),(109,9,7,109,0,NULL,'2022-05-16 21:53:48','2022-05-16 21:53:48',1),(110,9,7,110,0,NULL,'2022-05-16 21:53:48','2022-05-16 21:53:48',1),(111,9,7,111,0,NULL,'2022-05-16 21:53:48','2022-05-16 21:53:48',1),(112,9,7,112,0,NULL,'2022-05-16 21:53:48','2022-05-16 21:53:48',1),(113,9,7,113,0,NULL,'2022-05-16 21:53:49','2022-05-16 21:53:49',1),(114,9,7,114,0,NULL,'2022-05-16 21:53:49','2022-05-16 21:53:49',1),(115,9,7,115,0,NULL,'2022-05-16 21:53:49','2022-05-16 21:53:49',1),(116,9,7,116,0,NULL,'2022-05-16 21:53:49','2022-05-16 21:53:49',1),(117,9,7,117,0,NULL,'2022-05-16 21:53:49','2022-05-16 21:53:49',1),(118,9,7,118,0,NULL,'2022-05-16 21:53:49','2022-05-16 21:53:49',1),(119,9,7,119,0,NULL,'2022-05-16 21:53:49','2022-05-16 21:53:49',1),(120,9,7,120,0,NULL,'2022-05-16 21:53:49','2022-05-16 21:53:49',1),(121,9,7,121,0,NULL,'2022-05-16 21:53:49','2022-05-16 21:53:49',1),(122,9,7,122,0,NULL,'2022-05-16 21:53:49','2022-05-16 21:53:49',1),(123,9,7,123,0,NULL,'2022-05-16 21:53:49','2022-05-16 21:53:49',1),(124,9,7,124,0,NULL,'2022-05-16 21:53:49','2022-05-16 21:53:49',1),(125,9,7,125,0,NULL,'2022-05-16 21:53:49','2022-05-16 21:53:49',1),(126,9,7,126,0,NULL,'2022-05-16 21:53:49','2022-05-16 21:53:49',1),(127,9,7,127,0,NULL,'2022-05-16 21:53:49','2022-05-16 21:53:49',1),(128,9,7,128,0,NULL,'2022-05-16 21:53:49','2022-05-16 21:53:49',1),(129,9,7,129,0,NULL,'2022-05-16 21:53:49','2022-05-16 21:53:49',1),(130,9,7,130,0,NULL,'2022-05-16 21:53:49','2022-05-16 21:53:49',1),(131,9,7,131,0,NULL,'2022-05-16 21:53:49','2022-05-16 21:53:49',1),(132,9,7,132,0,NULL,'2022-05-16 21:53:49','2022-05-16 21:53:49',1),(133,9,7,133,0,NULL,'2022-05-16 21:53:49','2022-05-16 21:53:49',1),(134,9,7,134,0,NULL,'2022-05-16 21:53:49','2022-05-16 21:53:49',1),(135,9,7,135,0,NULL,'2022-05-16 21:53:49','2022-05-16 21:53:49',1),(136,9,7,136,0,NULL,'2022-05-16 21:53:49','2022-05-16 21:53:49',1),(137,9,7,137,0,NULL,'2022-05-16 21:53:49','2022-05-16 21:53:49',1),(138,9,7,138,0,NULL,'2022-05-16 21:53:49','2022-05-16 21:53:49',1),(139,9,7,139,0,NULL,'2022-05-16 21:53:49','2022-05-16 21:53:49',1),(140,9,7,140,0,NULL,'2022-05-16 21:53:49','2022-05-16 21:53:49',1),(141,9,7,141,0,NULL,'2022-05-16 21:53:49','2022-05-16 21:53:49',1),(142,9,7,142,0,NULL,'2022-05-16 21:53:49','2022-05-16 21:53:49',1),(143,9,7,143,0,NULL,'2022-05-16 21:53:49','2022-05-16 21:53:49',1),(144,9,7,144,0,NULL,'2022-05-16 21:53:49','2022-05-16 21:53:49',1),(145,9,7,145,0,NULL,'2022-05-16 21:53:49','2022-05-16 21:53:49',1),(146,9,7,146,0,NULL,'2022-05-16 21:53:49','2022-05-16 21:53:49',1),(147,9,7,147,0,NULL,'2022-05-16 21:53:49','2022-05-16 21:53:49',1),(148,9,7,148,0,NULL,'2022-05-16 21:53:49','2022-05-16 21:53:49',1),(149,9,7,149,0,NULL,'2022-05-16 21:53:49','2022-05-16 21:53:49',1),(150,9,7,150,0,NULL,'2022-05-16 21:53:49','2022-05-16 21:53:49',1),(151,9,7,151,0,NULL,'2022-05-16 21:53:49','2022-05-16 21:53:49',1),(152,9,7,152,0,NULL,'2022-05-16 21:53:49','2022-05-16 21:53:49',1),(153,9,7,153,0,NULL,'2022-05-16 21:53:50','2022-05-16 21:53:50',1),(154,9,7,154,0,NULL,'2022-05-16 21:53:50','2022-05-16 21:53:50',1),(155,9,7,155,0,NULL,'2022-05-16 21:53:50','2022-05-16 21:53:50',1),(156,9,7,156,0,NULL,'2022-05-16 21:53:50','2022-05-16 21:53:50',1),(157,9,7,157,0,NULL,'2022-05-16 21:53:50','2022-05-16 21:53:50',1),(158,9,7,158,0,NULL,'2022-05-16 21:53:50','2022-05-16 21:53:50',1),(159,9,7,159,0,NULL,'2022-05-16 21:53:50','2022-05-16 21:53:50',1),(160,9,7,160,0,NULL,'2022-05-16 21:53:50','2022-05-16 21:53:50',1),(161,9,7,161,0,NULL,'2022-05-16 21:53:50','2022-05-16 21:53:50',1),(162,9,7,162,0,NULL,'2022-05-16 21:53:50','2022-05-16 21:53:50',1),(163,9,7,163,0,NULL,'2022-05-16 21:53:50','2022-05-16 21:53:50',1),(164,9,7,164,0,NULL,'2022-05-16 21:53:50','2022-05-16 21:53:50',1),(165,9,7,165,0,NULL,'2022-05-16 21:53:50','2022-05-16 21:53:50',1),(166,9,7,166,0,NULL,'2022-05-16 21:53:50','2022-05-16 21:53:50',1),(167,9,7,167,0,NULL,'2022-05-16 21:53:50','2022-05-16 21:53:50',1),(168,9,7,168,0,NULL,'2022-05-16 21:53:50','2022-05-16 21:53:50',1),(169,9,7,169,0,NULL,'2022-05-16 21:53:50','2022-05-16 21:53:50',1),(170,9,7,170,0,NULL,'2022-05-16 21:53:50','2022-05-16 21:53:50',1),(171,9,7,171,0,NULL,'2022-05-16 21:53:50','2022-05-16 21:53:50',1),(172,9,7,172,0,NULL,'2022-05-16 21:53:50','2022-05-16 21:53:50',1),(173,9,7,173,0,NULL,'2022-05-16 21:53:50','2022-05-16 21:53:50',1),(174,9,7,174,0,NULL,'2022-05-16 21:53:50','2022-05-16 21:53:50',1),(175,9,7,175,0,NULL,'2022-05-16 21:53:50','2022-05-16 21:53:50',1),(176,9,7,176,0,NULL,'2022-05-16 21:53:50','2022-05-16 21:53:50',1),(177,9,7,177,0,NULL,'2022-05-16 21:53:50','2022-05-16 21:53:50',1),(178,9,7,178,0,NULL,'2022-05-16 21:53:50','2022-05-16 21:53:50',1),(179,9,7,179,0,NULL,'2022-05-16 21:53:50','2022-05-16 21:53:50',1),(180,9,7,180,0,NULL,'2022-05-16 21:53:50','2022-05-16 21:53:50',1),(181,9,7,181,0,NULL,'2022-05-16 21:53:50','2022-05-16 21:53:50',1),(182,9,7,182,0,NULL,'2022-05-16 21:53:50','2022-05-16 21:53:50',1),(183,9,7,183,0,NULL,'2022-05-16 21:53:50','2022-05-16 21:53:50',1),(184,9,7,184,0,NULL,'2022-05-16 21:53:50','2022-05-16 21:53:50',1),(185,9,7,185,0,NULL,'2022-05-16 21:53:50','2022-05-16 21:53:50',1),(186,9,7,186,0,NULL,'2022-05-16 21:53:50','2022-05-16 21:53:50',1),(187,9,7,187,0,NULL,'2022-05-16 21:53:50','2022-05-16 21:53:50',1),(188,9,7,188,0,NULL,'2022-05-16 21:53:50','2022-05-16 21:53:50',1),(189,9,7,189,0,NULL,'2022-05-16 21:53:50','2022-05-16 21:53:50',1),(190,9,7,190,0,NULL,'2022-05-16 21:53:50','2022-05-16 21:53:50',1),(191,9,7,191,0,NULL,'2022-05-16 21:53:50','2022-05-16 21:53:50',1),(192,9,7,192,0,NULL,'2022-05-16 21:53:50','2022-05-16 21:53:50',1),(193,9,7,193,0,NULL,'2022-05-16 21:53:50','2022-05-16 21:53:50',1),(194,9,7,194,0,NULL,'2022-05-16 21:53:50','2022-05-16 21:53:50',1),(195,9,7,195,0,NULL,'2022-05-16 21:53:50','2022-05-16 21:53:50',1),(196,9,7,196,0,NULL,'2022-05-16 21:53:50','2022-05-16 21:53:50',1),(197,9,7,197,0,NULL,'2022-05-16 21:53:50','2022-05-16 21:53:50',1),(198,9,7,198,0,NULL,'2022-05-16 21:53:50','2022-05-16 21:53:50',1),(199,9,7,199,0,NULL,'2022-05-16 21:53:50','2022-05-16 21:53:50',1),(200,9,7,200,0,NULL,'2022-05-16 21:53:50','2022-05-16 21:53:50',1),(201,9,7,201,0,NULL,'2022-05-16 21:53:50','2022-05-16 21:53:50',1),(202,9,7,202,0,NULL,'2022-05-16 21:53:50','2022-05-16 21:53:50',1),(203,9,7,203,0,NULL,'2022-05-16 21:53:50','2022-05-16 21:53:50',1),(204,9,7,204,0,NULL,'2022-05-16 21:53:50','2022-05-16 21:53:50',1),(205,9,7,205,0,NULL,'2022-05-16 21:53:50','2022-05-16 21:53:50',1),(206,9,7,206,0,NULL,'2022-05-16 21:53:50','2022-05-16 21:53:50',1),(207,9,7,207,0,NULL,'2022-05-16 21:53:50','2022-05-16 21:53:50',1),(208,9,7,208,0,NULL,'2022-05-16 21:53:50','2022-05-16 21:53:50',1),(209,9,7,209,0,NULL,'2022-05-16 21:53:50','2022-05-16 21:53:50',1),(210,9,7,210,0,NULL,'2022-05-16 21:53:50','2022-05-16 21:53:50',1),(211,9,7,211,0,NULL,'2022-05-16 21:53:50','2022-05-16 21:53:50',1),(212,9,7,212,0,NULL,'2022-05-16 21:53:50','2022-05-16 21:53:50',1),(213,9,7,213,0,NULL,'2022-05-16 21:53:50','2022-05-16 21:53:50',1),(214,9,7,214,0,NULL,'2022-05-16 21:53:50','2022-05-16 21:53:50',1),(215,9,7,215,0,NULL,'2022-05-16 21:53:50','2022-05-16 21:53:50',1),(216,9,7,216,0,NULL,'2022-05-16 21:53:50','2022-05-16 21:53:50',1),(217,9,7,217,0,NULL,'2022-05-16 21:53:50','2022-05-16 21:53:50',1),(218,9,7,218,0,NULL,'2022-05-16 21:53:50','2022-05-16 21:53:50',1),(219,9,7,219,0,NULL,'2022-05-16 21:53:50','2022-05-16 21:53:50',1),(220,9,7,220,0,NULL,'2022-05-16 21:53:50','2022-05-16 21:53:50',1),(221,9,7,221,0,NULL,'2022-05-16 21:53:50','2022-05-16 21:53:50',1),(222,9,7,222,0,NULL,'2022-05-16 21:53:51','2022-05-16 21:53:51',1),(223,9,7,223,0,NULL,'2022-05-16 21:53:51','2022-05-16 21:53:51',1),(224,9,7,224,0,NULL,'2022-05-16 21:53:51','2022-05-16 21:53:51',1),(225,9,7,225,0,NULL,'2022-05-16 21:53:51','2022-05-16 21:53:51',1),(226,9,7,226,0,NULL,'2022-05-16 21:53:51','2022-05-16 21:53:51',1),(227,9,7,227,0,NULL,'2022-05-16 21:53:51','2022-05-16 21:53:51',1),(228,9,7,228,0,NULL,'2022-05-16 21:53:51','2022-05-16 21:53:51',1),(229,9,7,229,0,NULL,'2022-05-16 21:53:51','2022-05-16 21:53:51',1),(230,9,7,230,0,NULL,'2022-05-16 21:53:51','2022-05-16 21:53:51',1),(231,9,7,231,0,NULL,'2022-05-16 21:53:51','2022-05-16 21:53:51',1),(232,9,7,232,0,NULL,'2022-05-16 21:53:51','2022-05-16 21:53:51',1),(233,9,7,233,0,NULL,'2022-05-16 21:53:51','2022-05-16 21:53:51',1),(234,9,7,234,0,NULL,'2022-05-16 21:53:51','2022-05-16 21:53:51',1),(235,9,7,235,0,NULL,'2022-05-16 21:53:51','2022-05-16 21:53:51',1),(236,9,7,236,0,NULL,'2022-05-16 21:53:51','2022-05-16 21:53:51',1),(237,9,7,237,0,NULL,'2022-05-16 21:53:51','2022-05-16 21:53:51',1),(238,9,7,238,0,NULL,'2022-05-16 21:53:51','2022-05-16 21:53:51',1),(239,9,7,239,0,NULL,'2022-05-16 21:53:51','2022-05-16 21:53:51',1),(240,9,7,240,0,NULL,'2022-05-16 21:53:51','2022-05-16 21:53:51',1),(241,9,7,241,0,NULL,'2022-05-16 21:53:51','2022-05-16 21:53:51',1),(242,9,7,242,0,NULL,'2022-05-16 21:53:51','2022-05-16 21:53:51',1),(243,9,7,243,0,NULL,'2022-05-16 21:53:51','2022-05-16 21:53:51',1),(244,9,7,244,0,NULL,'2022-05-16 21:53:51','2022-05-16 21:53:51',1),(245,9,7,245,0,NULL,'2022-05-16 21:53:51','2022-05-16 21:53:51',1),(246,9,7,246,0,NULL,'2022-05-16 21:53:51','2022-05-16 21:53:51',1),(247,9,7,247,0,NULL,'2022-05-16 21:53:51','2022-05-16 21:53:51',1),(248,9,7,248,0,NULL,'2022-05-16 21:53:51','2022-05-16 21:53:51',1),(249,9,7,249,0,NULL,'2022-05-16 21:53:51','2022-05-16 21:53:51',1),(250,9,7,250,0,NULL,'2022-05-16 21:53:51','2022-05-16 21:53:51',1),(251,9,7,251,0,NULL,'2022-05-16 21:53:51','2022-05-16 21:53:51',1),(252,9,7,252,0,NULL,'2022-05-16 21:53:51','2022-05-16 21:53:51',1),(253,9,7,253,0,NULL,'2022-05-16 21:53:51','2022-05-16 21:53:51',1),(254,9,7,254,0,NULL,'2022-05-16 21:53:51','2022-05-16 21:53:51',1),(255,9,7,255,0,NULL,'2022-05-16 21:53:51','2022-05-16 21:53:51',1),(256,9,7,256,0,NULL,'2022-05-16 21:53:51','2022-05-16 21:53:51',1),(257,9,7,257,0,NULL,'2022-05-16 21:53:51','2022-05-16 21:53:51',1),(258,9,7,258,0,NULL,'2022-05-16 21:53:51','2022-05-16 21:53:51',1),(259,9,7,259,0,NULL,'2022-05-16 21:53:51','2022-05-16 21:53:51',1),(260,9,7,260,0,NULL,'2022-05-16 21:53:51','2022-05-16 21:53:51',1),(261,9,7,261,0,NULL,'2022-05-16 21:53:51','2022-05-16 21:53:51',1),(262,9,7,262,0,NULL,'2022-05-16 21:53:51','2022-05-16 21:53:51',1),(263,9,7,263,0,NULL,'2022-05-16 21:53:51','2022-05-16 21:53:51',1),(264,9,7,264,0,NULL,'2022-05-16 21:53:51','2022-05-16 21:53:51',1),(265,9,7,265,0,NULL,'2022-05-16 21:53:51','2022-05-16 21:53:51',1),(266,9,7,266,0,NULL,'2022-05-16 21:53:51','2022-05-16 21:53:51',1),(267,9,7,267,0,NULL,'2022-05-16 21:53:51','2022-05-16 21:53:51',1),(268,9,7,268,0,NULL,'2022-05-16 21:53:51','2022-05-16 21:53:51',1),(269,9,7,269,0,NULL,'2022-05-16 21:53:51','2022-05-16 21:53:51',1),(270,9,7,270,0,NULL,'2022-05-16 21:53:51','2022-05-16 21:53:51',1),(271,9,7,271,0,NULL,'2022-05-16 21:53:51','2022-05-16 21:53:51',1),(272,9,7,272,0,NULL,'2022-05-16 21:53:51','2022-05-16 21:53:51',1),(273,9,7,273,0,NULL,'2022-05-16 21:53:51','2022-05-16 21:53:51',1),(274,9,7,274,0,NULL,'2022-05-16 21:53:51','2022-05-16 21:53:51',1),(275,9,7,275,0,NULL,'2022-05-16 21:53:51','2022-05-16 21:53:51',1),(276,9,7,276,0,NULL,'2022-05-16 21:53:51','2022-05-16 21:53:51',1),(277,9,7,277,0,NULL,'2022-05-16 21:53:51','2022-05-16 21:53:51',1),(278,9,7,278,0,NULL,'2022-05-16 21:53:51','2022-05-16 21:53:51',1),(279,9,7,279,0,NULL,'2022-05-16 21:53:51','2022-05-16 21:53:51',1),(280,9,7,280,0,NULL,'2022-05-16 21:53:51','2022-05-16 21:53:51',1),(281,9,7,281,0,NULL,'2022-05-16 21:53:51','2022-05-16 21:53:51',1),(282,9,7,282,0,NULL,'2022-05-16 21:53:51','2022-05-16 21:53:51',1),(283,9,7,283,0,NULL,'2022-05-16 21:53:51','2022-05-16 21:53:51',1),(284,9,7,284,0,NULL,'2022-05-16 21:53:51','2022-05-16 21:53:51',1),(285,9,7,285,0,NULL,'2022-05-16 21:53:51','2022-05-16 21:53:51',1),(286,9,7,286,0,NULL,'2022-05-16 21:53:51','2022-05-16 21:53:51',1),(287,9,7,287,0,NULL,'2022-05-16 21:53:51','2022-05-16 21:53:51',1),(288,9,7,288,0,NULL,'2022-05-16 21:53:51','2022-05-16 21:53:51',1),(289,9,7,289,0,NULL,'2022-05-16 21:53:51','2022-05-16 21:53:51',1),(290,9,7,290,0,NULL,'2022-05-16 21:53:51','2022-05-16 21:53:51',1),(291,9,7,291,0,NULL,'2022-05-16 21:53:51','2022-05-16 21:53:51',1),(292,9,7,292,0,NULL,'2022-05-16 21:53:51','2022-05-16 21:53:51',1),(293,9,7,293,0,NULL,'2022-05-16 21:53:51','2022-05-16 21:53:51',1),(294,9,7,294,0,NULL,'2022-05-16 21:53:51','2022-05-16 21:53:51',1),(295,9,7,295,0,NULL,'2022-05-16 21:53:51','2022-05-16 21:53:51',1),(296,9,7,296,0,NULL,'2022-05-16 21:53:51','2022-05-16 21:53:51',1),(297,9,7,297,0,NULL,'2022-05-16 21:53:52','2022-05-16 21:53:52',1),(298,9,7,298,0,NULL,'2022-05-16 21:53:52','2022-05-16 21:53:52',1),(299,9,7,299,0,NULL,'2022-05-16 21:53:52','2022-05-16 21:53:52',1),(300,9,7,300,0,NULL,'2022-05-16 21:53:52','2022-05-16 21:53:52',1),(301,9,7,301,0,NULL,'2022-05-16 21:53:52','2022-05-16 21:53:52',1),(302,9,7,302,0,NULL,'2022-05-16 21:53:52','2022-05-16 21:53:52',1),(303,9,7,303,0,NULL,'2022-05-16 21:53:52','2022-05-16 21:53:52',1),(304,9,7,304,0,NULL,'2022-05-16 21:53:52','2022-05-16 21:53:52',1),(305,9,7,305,0,NULL,'2022-05-16 21:53:52','2022-05-16 21:53:52',1),(306,9,7,306,0,NULL,'2022-05-16 21:53:52','2022-05-16 21:53:52',1),(307,9,7,307,0,NULL,'2022-05-16 21:53:52','2022-05-16 21:53:52',1),(308,9,7,308,0,NULL,'2022-05-16 21:53:52','2022-05-16 21:53:52',1),(309,9,7,309,0,NULL,'2022-05-16 21:53:52','2022-05-16 21:53:52',1),(310,9,7,310,0,NULL,'2022-05-16 21:53:52','2022-05-16 21:53:52',1),(311,9,7,311,0,NULL,'2022-05-16 21:53:52','2022-05-16 21:53:52',1),(312,9,7,312,0,NULL,'2022-05-16 21:53:52','2022-05-16 21:53:52',1),(313,9,7,313,0,NULL,'2022-05-16 21:53:52','2022-05-16 21:53:52',1),(314,9,7,314,0,NULL,'2022-05-16 21:53:52','2022-05-16 21:53:52',1),(315,9,7,315,0,NULL,'2022-05-16 21:53:52','2022-05-16 21:53:52',1),(316,9,7,316,0,NULL,'2022-05-16 21:53:52','2022-05-16 21:53:52',1),(317,9,7,317,0,NULL,'2022-05-16 21:53:52','2022-05-16 21:53:52',1),(318,9,7,318,0,NULL,'2022-05-16 21:53:52','2022-05-16 21:53:52',1),(319,9,7,319,0,NULL,'2022-05-16 21:53:52','2022-05-16 21:53:52',1),(320,9,7,320,0,NULL,'2022-05-16 21:53:52','2022-05-16 21:53:52',1),(321,9,7,321,0,NULL,'2022-05-16 21:53:52','2022-05-16 21:53:52',1),(322,9,7,322,0,NULL,'2022-05-16 21:53:52','2022-05-16 21:53:52',1),(323,9,7,323,0,NULL,'2022-05-16 21:53:52','2022-05-16 21:53:52',1),(324,9,7,324,0,NULL,'2022-05-16 21:53:52','2022-05-16 21:53:52',1),(325,9,7,325,0,NULL,'2022-05-16 21:53:52','2022-05-16 21:53:52',1),(326,9,7,326,0,NULL,'2022-05-16 21:53:52','2022-05-16 21:53:52',1),(327,9,7,327,0,NULL,'2022-05-16 21:53:52','2022-05-16 21:53:52',1),(328,9,7,328,0,NULL,'2022-05-16 21:53:52','2022-05-16 21:53:52',1),(329,9,7,329,0,NULL,'2022-05-16 21:53:52','2022-05-16 21:53:52',1),(330,9,7,330,0,NULL,'2022-05-16 21:53:52','2022-05-16 21:53:52',1),(331,9,7,331,0,NULL,'2022-05-16 21:53:52','2022-05-16 21:53:52',1),(332,9,7,332,0,NULL,'2022-05-16 21:53:52','2022-05-16 21:53:52',1),(333,9,7,333,0,NULL,'2022-05-16 21:53:52','2022-05-16 21:53:52',1),(334,9,7,334,0,NULL,'2022-05-16 21:53:52','2022-05-16 21:53:52',1),(335,9,7,335,0,NULL,'2022-05-16 21:53:52','2022-05-16 21:53:52',1),(336,9,7,336,0,NULL,'2022-05-16 21:53:52','2022-05-16 21:53:52',1),(337,9,7,337,0,NULL,'2022-05-16 21:53:52','2022-05-16 21:53:52',1),(338,9,7,338,0,NULL,'2022-05-16 21:53:52','2022-05-16 21:53:52',1),(339,9,7,339,0,NULL,'2022-05-16 21:53:52','2022-05-16 21:53:52',1),(340,9,7,340,0,NULL,'2022-05-16 21:53:52','2022-05-16 21:53:52',1),(341,9,7,341,0,NULL,'2022-05-16 21:53:52','2022-05-16 21:53:52',1),(342,9,7,342,0,NULL,'2022-05-16 21:53:52','2022-05-16 21:53:52',1),(343,9,7,343,0,NULL,'2022-05-16 21:53:52','2022-05-16 21:53:52',1),(344,9,7,344,0,NULL,'2022-05-16 21:53:52','2022-05-16 21:53:52',1),(345,9,7,345,0,NULL,'2022-05-16 21:53:52','2022-05-16 21:53:52',1),(346,9,7,346,0,NULL,'2022-05-16 21:53:52','2022-05-16 21:53:52',1),(347,9,7,347,0,NULL,'2022-05-16 21:53:52','2022-05-16 21:53:52',1),(348,9,7,348,0,NULL,'2022-05-16 21:53:52','2022-05-16 21:53:52',1),(349,9,7,349,0,NULL,'2022-05-16 21:53:52','2022-05-16 21:53:52',1),(350,9,7,350,0,NULL,'2022-05-16 21:53:52','2022-05-16 21:53:52',1),(351,9,7,351,0,NULL,'2022-05-16 21:53:52','2022-05-16 21:53:52',1),(352,9,7,352,0,NULL,'2022-05-16 21:53:52','2022-05-16 21:53:52',1),(353,9,7,353,0,NULL,'2022-05-16 21:53:52','2022-05-16 21:53:52',1),(354,9,7,354,0,NULL,'2022-05-16 21:53:52','2022-05-16 21:53:52',1),(355,9,7,355,0,NULL,'2022-05-16 21:53:52','2022-05-16 21:53:52',1),(356,9,7,356,0,NULL,'2022-05-16 21:53:52','2022-05-16 21:53:52',1),(357,9,7,357,0,NULL,'2022-05-16 21:53:52','2022-05-16 21:53:52',1),(358,9,7,358,0,NULL,'2022-05-16 21:53:52','2022-05-16 21:53:52',1),(359,9,7,359,0,NULL,'2022-05-16 21:53:52','2022-05-16 21:53:52',1),(360,9,7,360,0,NULL,'2022-05-16 21:53:52','2022-05-16 21:53:52',1),(361,9,7,361,0,NULL,'2022-05-16 21:53:52','2022-05-16 21:53:52',1),(362,9,7,362,0,NULL,'2022-05-16 21:53:52','2022-05-16 21:53:52',1),(363,9,7,363,0,NULL,'2022-05-16 21:53:52','2022-05-16 21:53:52',1),(364,9,7,364,0,NULL,'2022-05-16 21:53:52','2022-05-16 21:53:52',1),(365,9,7,365,0,NULL,'2022-05-16 21:53:52','2022-05-16 21:53:52',1),(366,9,7,366,0,NULL,'2022-05-16 21:53:53','2022-05-16 21:53:53',1),(367,9,7,367,0,NULL,'2022-05-16 21:53:53','2022-05-16 21:53:53',1),(368,9,7,368,0,NULL,'2022-05-16 21:53:53','2022-05-16 21:53:53',1),(369,9,7,369,0,NULL,'2022-05-16 21:53:53','2022-05-16 21:53:53',1),(370,9,7,370,0,NULL,'2022-05-16 21:53:53','2022-05-16 21:53:53',1),(371,9,7,371,0,NULL,'2022-05-16 21:53:53','2022-05-16 21:53:53',1),(372,9,7,372,0,NULL,'2022-05-16 21:53:53','2022-05-16 21:53:53',1),(373,9,7,373,0,NULL,'2022-05-16 21:53:53','2022-05-16 21:53:53',1),(374,9,7,374,0,NULL,'2022-05-16 21:53:53','2022-05-16 21:53:53',1),(375,9,7,375,0,NULL,'2022-05-16 21:53:53','2022-05-16 21:53:53',1),(376,9,7,376,0,NULL,'2022-05-16 21:53:53','2022-05-16 21:53:53',1),(377,9,7,377,0,NULL,'2022-05-16 21:53:53','2022-05-16 21:53:53',1),(378,9,7,378,0,NULL,'2022-05-16 21:53:53','2022-05-16 21:53:53',1),(379,9,7,379,0,NULL,'2022-05-16 21:53:53','2022-05-16 21:53:53',1),(380,9,7,380,0,NULL,'2022-05-16 21:53:53','2022-05-16 21:53:53',1),(381,9,7,381,0,NULL,'2022-05-16 21:53:53','2022-05-16 21:53:53',1),(382,9,7,382,0,NULL,'2022-05-16 21:53:53','2022-05-16 21:53:53',1),(383,9,7,383,0,NULL,'2022-05-16 21:53:53','2022-05-16 21:53:53',1),(384,9,7,384,0,NULL,'2022-05-16 21:53:53','2022-05-16 21:53:53',1),(385,9,7,385,0,NULL,'2022-05-16 21:53:53','2022-05-16 21:53:53',1),(386,9,7,386,0,NULL,'2022-05-16 21:53:53','2022-05-16 21:53:53',1),(387,9,7,387,0,NULL,'2022-05-16 21:53:53','2022-05-16 21:53:53',1),(388,9,7,388,0,NULL,'2022-05-16 21:53:53','2022-05-16 21:53:53',1),(389,9,7,389,0,NULL,'2022-05-16 21:53:53','2022-05-16 21:53:53',1),(390,9,7,390,0,NULL,'2022-05-16 21:53:53','2022-05-16 21:53:53',1),(391,9,7,391,0,NULL,'2022-05-16 21:53:53','2022-05-16 21:53:53',1),(392,9,7,392,0,NULL,'2022-05-16 21:53:53','2022-05-16 21:53:53',1),(393,9,7,393,0,NULL,'2022-05-16 21:53:53','2022-05-16 21:53:53',1),(394,9,7,394,0,NULL,'2022-05-16 21:53:53','2022-05-16 21:53:53',1),(395,9,7,395,0,NULL,'2022-05-16 21:53:53','2022-05-16 21:53:53',1),(396,9,7,396,0,NULL,'2022-05-16 21:53:53','2022-05-16 21:53:53',1),(397,9,7,397,0,NULL,'2022-05-16 21:53:53','2022-05-16 21:53:53',1),(398,9,7,398,0,NULL,'2022-05-16 21:53:53','2022-05-16 21:53:53',1),(399,9,7,399,0,NULL,'2022-05-16 21:53:53','2022-05-16 21:53:53',1),(400,9,7,400,0,NULL,'2022-05-16 21:53:53','2022-05-16 21:53:53',1),(401,9,7,401,0,NULL,'2022-05-16 21:53:53','2022-05-16 21:53:53',1),(402,9,7,402,0,NULL,'2022-05-16 21:53:53','2022-05-16 21:53:53',1),(403,9,7,403,0,NULL,'2022-05-16 21:53:53','2022-05-16 21:53:53',1),(404,9,7,404,0,NULL,'2022-05-16 21:53:53','2022-05-16 21:53:53',1),(405,9,7,405,0,NULL,'2022-05-16 21:53:53','2022-05-16 21:53:53',1),(406,9,7,406,0,NULL,'2022-05-16 21:53:53','2022-05-16 21:53:53',1),(407,9,7,407,0,NULL,'2022-05-16 21:53:53','2022-05-16 21:53:53',1),(408,9,7,408,0,NULL,'2022-05-16 21:53:53','2022-05-16 21:53:53',1),(409,9,7,409,0,NULL,'2022-05-16 21:53:53','2022-05-16 21:53:53',1),(410,9,7,410,0,NULL,'2022-05-16 21:53:53','2022-05-16 21:53:53',1),(411,9,7,411,0,NULL,'2022-05-16 21:53:53','2022-05-16 21:53:53',1),(412,9,7,412,0,NULL,'2022-05-16 21:53:53','2022-05-16 21:53:53',1),(413,9,7,413,0,NULL,'2022-05-16 21:53:53','2022-05-16 21:53:53',1),(414,9,7,414,0,NULL,'2022-05-16 21:53:53','2022-05-16 21:53:53',1),(415,9,7,415,0,NULL,'2022-05-16 21:53:53','2022-05-16 21:53:53',1),(416,9,7,416,0,NULL,'2022-05-16 21:53:53','2022-05-16 21:53:53',1),(417,9,7,417,0,NULL,'2022-05-16 21:53:53','2022-05-16 21:53:53',1),(418,9,7,418,0,NULL,'2022-05-16 21:53:53','2022-05-16 21:53:53',1),(419,9,7,419,0,NULL,'2022-05-16 21:53:53','2022-05-16 21:53:53',1),(420,9,7,420,0,NULL,'2022-05-16 21:53:53','2022-05-16 21:53:53',1),(421,9,7,421,0,NULL,'2022-05-16 21:53:53','2022-05-16 21:53:53',1),(422,9,7,422,0,NULL,'2022-05-16 21:53:53','2022-05-16 21:53:53',1),(423,9,7,423,0,NULL,'2022-05-16 21:53:53','2022-05-16 21:53:53',1),(424,9,7,424,0,NULL,'2022-05-16 21:53:53','2022-05-16 21:53:53',1),(425,9,7,425,0,NULL,'2022-05-16 21:53:53','2022-05-16 21:53:53',1),(426,9,7,426,0,NULL,'2022-05-16 21:53:53','2022-05-16 21:53:53',1),(427,9,7,427,0,NULL,'2022-05-16 22:19:31','2022-05-16 22:19:31',1),(428,9,7,428,0,NULL,'2022-05-16 22:19:31','2022-05-16 22:19:31',1),(429,9,7,429,0,NULL,'2022-05-16 22:28:22','2022-05-16 22:28:22',1),(430,9,7,430,0,NULL,'2022-05-16 22:28:22','2022-05-16 22:28:22',1),(431,9,7,431,0,NULL,'2022-05-19 02:25:40','2022-05-19 02:25:40',1),(432,9,7,432,0,NULL,'2022-05-19 02:27:08','2022-05-19 02:27:08',1),(433,13,11,433,0,NULL,'2022-05-26 02:52:16','2022-05-26 02:52:16',1),(434,13,11,434,0,NULL,'2022-05-26 02:52:33','2022-05-26 02:52:33',1);
/*!40000 ALTER TABLE `merchant_customer` ENABLE KEYS */;
UNLOCK TABLES;

--
-- Table structure for table `merchant_customer_balance`
--

DROP TABLE IF EXISTS `merchant_customer_balance`;
/*!40101 SET @saved_cs_client     = @@character_set_client */;
/*!50503 SET character_set_client = utf8mb4 */;
CREATE TABLE `merchant_customer_balance` (
  `id` int NOT NULL AUTO_INCREMENT,
  `customer_id` int DEFAULT NULL,
  `merchant_id` int DEFAULT NULL,
  `balance` decimal(10,2) DEFAULT '0.00',
  `type_id` int DEFAULT '0',
  `create_time` timestamp NULL DEFAULT CURRENT_TIMESTAMP,
  `update_time` datetime DEFAULT NULL,
  PRIMARY KEY (`id`)
) ENGINE=InnoDB AUTO_INCREMENT=8 DEFAULT CHARSET=utf8mb3;
/*!40101 SET character_set_client = @saved_cs_client */;

--
-- Dumping data for table `merchant_customer_balance`
--

LOCK TABLES `merchant_customer_balance` WRITE;
/*!40000 ALTER TABLE `merchant_customer_balance` DISABLE KEYS */;
INSERT INTO `merchant_customer_balance` VALUES (1,430,9,10.91,0,'2022-05-17 22:21:10','2022-05-17 22:21:10'),(2,429,9,99.80,0,'2022-05-17 22:35:50','2022-05-17 22:35:50'),(3,410,9,0.00,0,'2022-05-18 02:49:16','2022-05-18 02:49:16'),(4,428,9,1.00,0,'2022-05-19 01:20:31','2022-05-19 01:20:31'),(5,426,9,10.00,0,'2022-05-19 01:20:36','2022-05-19 01:20:36'),(6,424,9,9.90,0,'2022-05-19 01:20:42','2022-05-19 01:20:42'),(7,432,9,245.90,0,'2022-05-26 17:07:00','2022-05-26 17:07:00');
/*!40000 ALTER TABLE `merchant_customer_balance` ENABLE KEYS */;
UNLOCK TABLES;

--
-- Table structure for table `merchant_customer_group`
--

DROP TABLE IF EXISTS `merchant_customer_group`;
/*!40101 SET @saved_cs_client     = @@character_set_client */;
/*!50503 SET character_set_client = utf8mb4 */;
CREATE TABLE `merchant_customer_group` (
  `id` int NOT NULL AUTO_INCREMENT,
  `user_id` int DEFAULT '0',
  `group_id` int DEFAULT NULL,
  `customer_id` int DEFAULT NULL,
  `status` int DEFAULT '1',
  `create_time` timestamp NULL DEFAULT CURRENT_TIMESTAMP,
  `update_time` datetime DEFAULT NULL,
  PRIMARY KEY (`id`)
) ENGINE=InnoDB AUTO_INCREMENT=44 DEFAULT CHARSET=utf8mb3;
/*!40101 SET character_set_client = @saved_cs_client */;

--
-- Dumping data for table `merchant_customer_group`
--

LOCK TABLES `merchant_customer_group` WRITE;
/*!40000 ALTER TABLE `merchant_customer_group` DISABLE KEYS */;
INSERT INTO `merchant_customer_group` VALUES (1,7,18,9,0,'2022-05-16 20:38:07','2022-05-16 20:38:07'),(2,7,18,10,1,'2022-05-16 20:38:07','2022-05-16 20:38:07'),(3,7,18,12,1,'2022-05-16 21:32:39','2022-05-16 21:32:39'),(4,7,18,11,1,'2022-05-16 21:32:39','2022-05-16 21:32:39'),(5,7,18,9,1,'2022-05-16 21:32:39','2022-05-16 21:32:39'),(6,7,18,7,1,'2022-05-16 21:32:39','2022-05-16 21:32:39'),(7,7,18,8,1,'2022-05-16 21:32:39','2022-05-16 21:32:39'),(8,7,18,5,1,'2022-05-16 21:32:39','2022-05-16 21:32:39'),(9,7,18,6,1,'2022-05-16 21:32:39','2022-05-16 21:32:39'),(10,7,18,4,1,'2022-05-16 21:32:39','2022-05-16 21:32:39'),(11,7,18,3,1,'2022-05-16 21:32:39','2022-05-16 21:32:39'),(12,7,18,2,1,'2022-05-16 21:33:54','2022-05-16 21:33:54'),(13,7,18,1,1,'2022-05-16 21:33:54','2022-05-16 21:33:54'),(14,7,18,425,1,'2022-05-16 21:59:56','2022-05-16 21:59:56'),(15,7,18,423,1,'2022-05-16 21:59:56','2022-05-16 21:59:56'),(16,7,18,424,1,'2022-05-16 21:59:56','2022-05-16 21:59:56'),(17,7,18,422,1,'2022-05-16 21:59:56','2022-05-16 21:59:56'),(18,7,18,421,1,'2022-05-16 21:59:56','2022-05-16 21:59:56'),(19,7,18,419,1,'2022-05-16 21:59:56','2022-05-16 21:59:56'),(20,7,18,420,1,'2022-05-16 21:59:56','2022-05-16 21:59:56'),(21,7,18,418,1,'2022-05-16 21:59:56','2022-05-16 21:59:56'),(22,7,18,416,1,'2022-05-16 21:59:56','2022-05-16 21:59:56'),(23,7,18,417,1,'2022-05-16 21:59:56','2022-05-16 21:59:56'),(24,7,16,415,1,'2022-05-16 22:00:05','2022-05-16 22:00:05'),(25,7,16,414,1,'2022-05-16 22:00:05','2022-05-16 22:00:05'),(26,7,16,413,1,'2022-05-16 22:00:05','2022-05-16 22:00:05'),(27,7,16,412,1,'2022-05-16 22:00:05','2022-05-16 22:00:05'),(28,7,16,411,1,'2022-05-16 22:00:05','2022-05-16 22:00:05'),(29,7,16,410,1,'2022-05-16 22:00:05','2022-05-16 22:00:05'),(30,7,16,409,1,'2022-05-16 22:00:05','2022-05-16 22:00:05'),(31,7,16,408,1,'2022-05-16 22:00:05','2022-05-16 22:00:05'),(32,7,16,407,1,'2022-05-16 22:00:05','2022-05-16 22:00:05'),(33,7,16,406,1,'2022-05-16 22:00:05','2022-05-16 22:00:05'),(34,7,18,427,1,'2022-05-16 22:19:31','2022-05-16 22:19:31'),(35,7,18,428,1,'2022-05-16 22:19:31','2022-05-16 22:19:31'),(36,7,18,430,1,'2022-05-17 14:52:04','2022-05-17 14:52:04'),(37,7,18,429,1,'2022-05-18 03:21:58','2022-05-18 03:21:58'),(38,7,18,426,1,'2022-05-18 03:21:58','2022-05-18 03:21:58'),(39,7,18,415,1,'2022-05-18 03:21:58','2022-05-18 03:21:58'),(40,7,18,414,1,'2022-05-18 03:21:58','2022-05-18 03:21:58'),(41,7,18,412,1,'2022-05-18 03:21:58','2022-05-18 03:21:58'),(42,7,18,411,1,'2022-05-18 03:21:58','2022-05-18 03:21:58'),(43,7,18,413,1,'2022-05-18 03:21:58','2022-05-18 03:21:58');
/*!40000 ALTER TABLE `merchant_customer_group` ENABLE KEYS */;
UNLOCK TABLES;

--
-- Table structure for table `merchant_group`
--

DROP TABLE IF EXISTS `merchant_group`;
/*!40101 SET @saved_cs_client     = @@character_set_client */;
/*!50503 SET character_set_client = utf8mb4 */;
CREATE TABLE `merchant_group` (
  `id` int NOT NULL AUTO_INCREMENT,
  `merchant_id` varchar(45) DEFAULT NULL,
  `user_id` int DEFAULT '0',
  `name` varchar(45) DEFAULT NULL,
  `note` varchar(128) DEFAULT NULL,
  `status` int DEFAULT '1',
  `create_time` timestamp NULL DEFAULT CURRENT_TIMESTAMP,
  `update_time` datetime DEFAULT NULL,
  PRIMARY KEY (`id`)
) ENGINE=InnoDB AUTO_INCREMENT=19 DEFAULT CHARSET=utf8mb3;
/*!40101 SET character_set_client = @saved_cs_client */;

--
-- Dumping data for table `merchant_group`
--

LOCK TABLES `merchant_group` WRITE;
/*!40000 ALTER TABLE `merchant_group` DISABLE KEYS */;
INSERT INTO `merchant_group` VALUES (13,'9',7,'Test`1',NULL,1,'2022-05-13 14:55:58','2022-05-13 14:55:58'),(14,'9',7,'atest',NULL,1,'2022-05-13 14:56:18','2022-05-13 14:56:18'),(15,'9',7,'test2',NULL,1,'2022-05-13 14:57:53','2022-05-13 14:57:53'),(16,'9',7,'test1',NULL,1,'2022-05-13 14:58:22','2022-05-13 14:58:22'),(17,'9',7,'test23',NULL,1,'2022-05-13 14:58:46','2022-05-13 14:58:46'),(18,'9',7,'123',NULL,1,'2022-05-16 08:48:08','2022-05-16 08:48:08');
/*!40000 ALTER TABLE `merchant_group` ENABLE KEYS */;
UNLOCK TABLES;

--
-- Table structure for table `merchant_product`
--

DROP TABLE IF EXISTS `merchant_product`;
/*!40101 SET @saved_cs_client     = @@character_set_client */;
/*!50503 SET character_set_client = utf8mb4 */;
CREATE TABLE `merchant_product` (
  `id` int NOT NULL AUTO_INCREMENT,
  `merchant_id` int DEFAULT NULL,
  `user_id` int DEFAULT NULL,
  `owner_id` int DEFAULT '0',
  `name` varchar(64) DEFAULT NULL,
  `description` text,
  `productinfo` text,
  `list_price` decimal(10,2) DEFAULT NULL,
  `price` decimal(10,2) DEFAULT '0.00',
  `status` int DEFAULT '1',
  `create_time` timestamp NULL DEFAULT CURRENT_TIMESTAMP,
  `update_time` datetime DEFAULT NULL,
  PRIMARY KEY (`id`)
) ENGINE=InnoDB AUTO_INCREMENT=11 DEFAULT CHARSET=utf8mb3;
/*!40101 SET character_set_client = @saved_cs_client */;

--
-- Dumping data for table `merchant_product`
--

LOCK TABLES `merchant_product` WRITE;
/*!40000 ALTER TABLE `merchant_product` DISABLE KEYS */;
INSERT INTO `merchant_product` VALUES (1,9,7,0,'Mrs. Qian Private Lesson','This is private lesson, so it\'s very expensive',NULL,100.00,80.00,1,'2022-05-17 21:47:32','2022-05-17 21:47:32'),(2,9,7,0,'Mr. Liang Private Lesson','This is private lesson, so it\'s very expensive',NULL,100.00,80.00,1,'2022-05-17 22:13:17','2022-05-17 22:13:17'),(3,9,7,0,'Miss. Liang Private Lesson','This is private lesson, so it\'s very expensive',NULL,100.00,85.00,1,'2022-05-17 22:14:13','2022-05-17 22:14:13'),(4,9,7,0,'Membership','Membership is the big deal',NULL,1000.00,1000.00,1,'2022-05-18 15:25:04','2022-05-18 15:25:04'),(5,9,7,0,'Group Program','Big deal1',NULL,1200.00,1200.00,1,'2022-05-18 15:25:41','2022-05-18 15:25:41'),(6,9,7,0,'Free Lesson','It\'s free!',NULL,0.10,0.10,1,'2022-05-18 15:28:01','2022-05-18 15:28:01'),(7,9,7,0,'test1','test1',NULL,11.00,11.00,0,'2022-05-19 01:27:23','2022-05-19 01:27:23'),(8,9,7,0,'test2','test2',NULL,12.00,12.00,0,'2022-05-19 01:27:34','2022-05-19 01:27:34'),(9,9,7,0,'Cynthia 15\'','12343',NULL,30.00,30.00,1,'2022-05-28 01:31:24','2022-05-28 01:31:24'),(10,9,7,0,'laho 1\'','11111',NULL,1.00,1.00,1,'2022-05-28 01:37:53','2022-05-28 01:37:53');
/*!40000 ALTER TABLE `merchant_product` ENABLE KEYS */;
UNLOCK TABLES;

--
-- Table structure for table `merchant_profile`
--

DROP TABLE IF EXISTS `merchant_profile`;
/*!40101 SET @saved_cs_client     = @@character_set_client */;
/*!50503 SET character_set_client = utf8mb4 */;
CREATE TABLE `merchant_profile` (
  `id` int NOT NULL AUTO_INCREMENT,
  `user_id` int DEFAULT '0',
  `name` varchar(128) DEFAULT NULL,
  `contact_person` varchar(45) DEFAULT NULL,
  `type` int DEFAULT '0',
  `contact_email` varchar(64) DEFAULT NULL,
  `contact_phone` varchar(32) DEFAULT NULL,
  `address` varchar(128) DEFAULT NULL,
  `city` varchar(45) DEFAULT NULL,
  `province` varchar(45) DEFAULT NULL,
  `country` varchar(45) DEFAULT NULL,
  `industry` varchar(45) DEFAULT NULL,
  `description` text,
  `status` int DEFAULT '1',
  `create_time` timestamp NULL DEFAULT CURRENT_TIMESTAMP,
  `update_time` datetime DEFAULT NULL,
  PRIMARY KEY (`id`)
) ENGINE=InnoDB AUTO_INCREMENT=14 DEFAULT CHARSET=utf8mb3;
/*!40101 SET character_set_client = @saved_cs_client */;

--
-- Dumping data for table `merchant_profile`
--

LOCK TABLES `merchant_profile` WRITE;
/*!40000 ALTER TABLE `merchant_profile` DISABLE KEYS */;
INSERT INTO `merchant_profile` VALUES (9,7,'Agency','Reven Liang',1,NULL,NULL,NULL,NULL,NULL,NULL,'Retail',NULL,1,'2022-05-13 14:01:36','2022-05-13 14:01:36'),(10,8,'Leo Inc','Elo Liang',0,NULL,NULL,NULL,NULL,NULL,NULL,'Retail',NULL,1,'2022-05-13 14:15:10','2022-05-13 14:15:10'),(11,9,'Hello Inc.','Eddy Liang',0,NULL,NULL,NULL,NULL,NULL,NULL,'Retail',NULL,1,'2022-05-13 14:41:04','2022-05-13 14:41:04'),(12,10,'QQ inc','Cynthia Qian',0,NULL,NULL,NULL,NULL,NULL,NULL,'Retail',NULL,1,'2022-05-13 18:04:41','2022-05-13 18:04:41'),(13,11,'Hello123','Leo Liang',1,NULL,NULL,NULL,NULL,NULL,NULL,'Education',NULL,1,'2022-05-26 02:51:36','2022-05-26 02:51:36');
/*!40000 ALTER TABLE `merchant_profile` ENABLE KEYS */;
UNLOCK TABLES;

--
-- Table structure for table `merchant_user`
--

DROP TABLE IF EXISTS `merchant_user`;
/*!40101 SET @saved_cs_client     = @@character_set_client */;
/*!50503 SET character_set_client = utf8mb4 */;
CREATE TABLE `merchant_user` (
  `id` int NOT NULL AUTO_INCREMENT,
  `merchant_id` int DEFAULT '0',
  `user_id` int DEFAULT '0',
  `superadmin` int DEFAULT '0',
  `data_individual_type` int DEFAULT '0',
  `status` int DEFAULT '0',
  `create_time` timestamp NULL DEFAULT CURRENT_TIMESTAMP,
  `update_time` datetime DEFAULT NULL,
  PRIMARY KEY (`id`)
) ENGINE=InnoDB AUTO_INCREMENT=14 DEFAULT CHARSET=utf8mb3;
/*!40101 SET character_set_client = @saved_cs_client */;

--
-- Dumping data for table `merchant_user`
--

LOCK TABLES `merchant_user` WRITE;
/*!40000 ALTER TABLE `merchant_user` DISABLE KEYS */;
INSERT INTO `merchant_user` VALUES (9,9,7,1,0,1,'2022-05-13 14:01:36','2022-05-13 14:01:36'),(10,10,8,1,0,1,'2022-05-13 14:15:10','2022-05-13 14:15:10'),(11,11,9,1,0,1,'2022-05-13 14:41:04','2022-05-13 14:41:04'),(12,12,10,1,0,1,'2022-05-13 18:04:41','2022-05-13 18:04:41'),(13,13,11,1,0,1,'2022-05-26 02:51:36','2022-05-26 02:51:36');
/*!40000 ALTER TABLE `merchant_user` ENABLE KEYS */;
UNLOCK TABLES;

--
-- Table structure for table `role`
--

DROP TABLE IF EXISTS `role`;
/*!40101 SET @saved_cs_client     = @@character_set_client */;
/*!50503 SET character_set_client = utf8mb4 */;
CREATE TABLE `role` (
  `id` int NOT NULL AUTO_INCREMENT,
  `merchant_id` int DEFAULT '0',
  `app_id` varchar(45) DEFAULT '0',
  `name` varchar(45) DEFAULT NULL,
  `status` int DEFAULT '1',
  `note` varchar(128) DEFAULT NULL,
  `create_time` timestamp NULL DEFAULT CURRENT_TIMESTAMP,
  `update_time` datetime DEFAULT NULL,
  PRIMARY KEY (`id`)
) ENGINE=InnoDB AUTO_INCREMENT=13 DEFAULT CHARSET=utf8mb3;
/*!40101 SET character_set_client = @saved_cs_client */;

--
-- Dumping data for table `role`
--

LOCK TABLES `role` WRITE;
/*!40000 ALTER TABLE `role` DISABLE KEYS */;
INSERT INTO `role` VALUES (1,0,'0','admin',1,NULL,'2022-05-10 17:45:58','2022-05-10 17:45:58'),(7,9,'1','crm_admin',1,NULL,'2022-05-13 14:43:29','2022-05-13 14:43:29'),(8,12,'1','crm_admin',1,NULL,'2022-05-13 18:08:44','2022-05-13 18:08:44'),(9,9,'2','member_admin',1,NULL,'2022-05-17 13:05:59','2022-05-17 13:05:59'),(10,13,'1','crm_admin',1,NULL,'2022-05-26 02:51:39','2022-05-26 02:51:39'),(11,13,'2','member_admin',1,NULL,'2022-05-26 02:51:43','2022-05-26 02:51:43'),(12,9,'3','event_admin',1,NULL,'2022-05-27 16:29:00','2022-05-27 16:29:00');
/*!40000 ALTER TABLE `role` ENABLE KEYS */;
UNLOCK TABLES;

--
-- Table structure for table `role_auth`
--

DROP TABLE IF EXISTS `role_auth`;
/*!40101 SET @saved_cs_client     = @@character_set_client */;
/*!50503 SET character_set_client = utf8mb4 */;
CREATE TABLE `role_auth` (
  `id` int NOT NULL AUTO_INCREMENT,
  `role_id` int DEFAULT '0',
  `app_id` int DEFAULT '0',
  `authtree` text,
  `status` int DEFAULT '1',
  `create_time` timestamp NULL DEFAULT CURRENT_TIMESTAMP,
  `update_time` datetime DEFAULT NULL,
  PRIMARY KEY (`id`)
) ENGINE=InnoDB AUTO_INCREMENT=13 DEFAULT CHARSET=utf8mb3;
/*!40101 SET character_set_client = @saved_cs_client */;

--
-- Dumping data for table `role_auth`
--

LOCK TABLES `role_auth` WRITE;
/*!40000 ALTER TABLE `role_auth` DISABLE KEYS */;
INSERT INTO `role_auth` VALUES (2,2,0,'*',1,'2022-05-10 17:45:58','2022-05-10 17:45:58'),(7,7,1,'*',1,'2022-05-13 14:43:29','2022-05-13 14:43:29'),(8,8,1,'*',1,'2022-05-13 18:08:44','2022-05-13 18:08:44'),(9,9,2,'*',1,'2022-05-17 13:05:59','2022-05-17 13:05:59'),(10,10,1,'*',1,'2022-05-26 02:51:39','2022-05-26 02:51:39'),(11,11,2,'*',1,'2022-05-26 02:51:43','2022-05-26 02:51:43'),(12,12,3,'*',1,'2022-05-27 16:29:00','2022-05-27 16:29:00');
/*!40000 ALTER TABLE `role_auth` ENABLE KEYS */;
UNLOCK TABLES;

--
-- Table structure for table `user`
--

DROP TABLE IF EXISTS `user`;
/*!40101 SET @saved_cs_client     = @@character_set_client */;
/*!50503 SET character_set_client = utf8mb4 */;
CREATE TABLE `user` (
  `id` int NOT NULL AUTO_INCREMENT,
  `email` varchar(128) DEFAULT NULL,
  `passwd` varchar(64) DEFAULT NULL,
  `email_verified` int DEFAULT '0',
  `status` int DEFAULT '1',
  `create_time` timestamp NULL DEFAULT CURRENT_TIMESTAMP,
  `update_time` datetime DEFAULT NULL,
  PRIMARY KEY (`id`),
  UNIQUE KEY `email_UNIQUE` (`email`)
) ENGINE=InnoDB AUTO_INCREMENT=12 DEFAULT CHARSET=utf8mb3;
/*!40101 SET character_set_client = @saved_cs_client */;

--
-- Dumping data for table `user`
--

LOCK TABLES `user` WRITE;
/*!40000 ALTER TABLE `user` DISABLE KEYS */;
INSERT INTO `user` VALUES (7,'revenliang@163.com','520e7982a99c067307b3994afe6d1c74',1,1,'2022-05-13 13:52:45','2022-05-13 13:52:45'),(8,'ljw@s.com','b7d9399858ab316a7dcf178398d95929',0,1,'2022-05-13 14:12:33','2022-05-13 14:12:33'),(9,'eed@1.com','69a329523ce1ec88bf63061863d9cb14',0,1,'2022-05-13 14:20:25','2022-05-13 14:20:25'),(10,'qq@dd.com','4d9f34291dd63905c2da1bb9e785a727',1,1,'2022-05-13 18:04:17','2022-05-13 18:04:17'),(11,'liangjianwu001@gmail.com','520e7982a99c067307b3994afe6d1c74',1,1,'2022-05-26 02:50:38','2022-05-26 02:50:38');
/*!40000 ALTER TABLE `user` ENABLE KEYS */;
UNLOCK TABLES;

--
-- Table structure for table `user_auth`
--

DROP TABLE IF EXISTS `user_auth`;
/*!40101 SET @saved_cs_client     = @@character_set_client */;
/*!50503 SET character_set_client = utf8mb4 */;
CREATE TABLE `user_auth` (
  `id` int NOT NULL AUTO_INCREMENT,
  `user_id` int DEFAULT NULL,
  `app_id` int DEFAULT '0',
  `token` varchar(64) DEFAULT NULL,
  `expired_time` bigint DEFAULT '0',
  `ip` varchar(16) DEFAULT NULL,
  `device` varchar(64) DEFAULT NULL,
  `create_time` timestamp NULL DEFAULT CURRENT_TIMESTAMP,
  `update_time` datetime DEFAULT NULL,
  PRIMARY KEY (`id`)
) ENGINE=InnoDB AUTO_INCREMENT=12 DEFAULT CHARSET=utf8mb3;
/*!40101 SET character_set_client = @saved_cs_client */;

--
-- Dumping data for table `user_auth`
--

LOCK TABLES `user_auth` WRITE;
/*!40000 ALTER TABLE `user_auth` DISABLE KEYS */;
INSERT INTO `user_auth` VALUES (7,7,0,'bd7232c21792762d06a2cf4f2b06f20f',1656302057491,'127.0.0.1','693e9af84d3dfcc71e640e005bdc5e2e','2022-05-13 13:52:45','2022-05-13 13:52:45'),(8,8,0,'a6c51f4395e3506d58111a97ba0f43ff',1655043611428,'127.0.0.1','693e9af84d3dfcc71e640e005bdc5e2e','2022-05-13 14:12:33','2022-05-13 14:12:33'),(9,9,0,'9a9e2dbf09439739e899f1bbaefbc070',1655044960253,'127.0.0.1','693e9af84d3dfcc71e640e005bdc5e2e','2022-05-13 14:20:25','2022-05-13 14:20:25'),(10,10,0,'f5b466011d7b34401564161cb051dda0',1655060477397,'127.0.0.1','693e9af84d3dfcc71e640e005bdc5e2e','2022-05-13 18:04:17','2022-05-13 18:04:17'),(11,11,0,'e1d55cf907bd8819cde2026d27adc671',1656184286683,'127.0.0.1','693e9af84d3dfcc71e640e005bdc5e2e','2022-05-26 02:50:38','2022-05-26 02:50:38');
/*!40000 ALTER TABLE `user_auth` ENABLE KEYS */;
UNLOCK TABLES;

--
-- Table structure for table `user_profile`
--

DROP TABLE IF EXISTS `user_profile`;
/*!40101 SET @saved_cs_client     = @@character_set_client */;
/*!50503 SET character_set_client = utf8mb4 */;
CREATE TABLE `user_profile` (
  `id` int NOT NULL AUTO_INCREMENT,
  `user_id` int DEFAULT NULL,
  `firstname` varchar(32) DEFAULT NULL,
  `lastname` varchar(32) DEFAULT NULL,
  `gender` varchar(32) DEFAULT NULL,
  `phone` varchar(32) DEFAULT NULL,
  `email` varchar(45) DEFAULT NULL,
  `address` varchar(128) DEFAULT NULL,
  `city` varchar(45) DEFAULT NULL,
  `province` varchar(45) DEFAULT NULL,
  `country` varchar(45) DEFAULT NULL,
  `postcode` varchar(16) DEFAULT NULL,
  `name_verified` int DEFAULT '0',
  `phone_verified` int DEFAULT '0',
  `create_time` timestamp NULL DEFAULT CURRENT_TIMESTAMP,
  `update_time` datetime DEFAULT NULL,
  PRIMARY KEY (`id`),
  UNIQUE KEY `user_id_UNIQUE` (`user_id`)
) ENGINE=InnoDB AUTO_INCREMENT=13 DEFAULT CHARSET=utf8mb3;
/*!40101 SET character_set_client = @saved_cs_client */;

--
-- Dumping data for table `user_profile`
--

LOCK TABLES `user_profile` WRITE;
/*!40000 ALTER TABLE `user_profile` DISABLE KEYS */;
INSERT INTO `user_profile` VALUES (8,7,'Reven','Liang','1',NULL,NULL,NULL,NULL,NULL,NULL,NULL,0,0,'2022-05-13 13:52:45','2022-05-13 13:52:45'),(9,8,'Elo','Liang',NULL,NULL,NULL,NULL,NULL,NULL,NULL,NULL,0,0,'2022-05-13 14:12:33','2022-05-13 14:12:33'),(10,9,'Eddy','Liang',NULL,NULL,NULL,NULL,NULL,NULL,NULL,NULL,0,0,'2022-05-13 14:20:25','2022-05-13 14:20:25'),(11,10,'Cynthia','Qian',NULL,NULL,NULL,NULL,NULL,NULL,NULL,NULL,0,0,'2022-05-13 18:04:17','2022-05-13 18:04:17'),(12,11,'Leo','Liang',NULL,NULL,NULL,NULL,NULL,NULL,NULL,NULL,0,0,'2022-05-26 02:50:38','2022-05-26 02:50:38');
/*!40000 ALTER TABLE `user_profile` ENABLE KEYS */;
UNLOCK TABLES;

--
-- Table structure for table `user_role`
--

DROP TABLE IF EXISTS `user_role`;
/*!40101 SET @saved_cs_client     = @@character_set_client */;
/*!50503 SET character_set_client = utf8mb4 */;
CREATE TABLE `user_role` (
  `id` int NOT NULL AUTO_INCREMENT,
  `user_id` int DEFAULT '0',
  `role_id` int DEFAULT '0',
  `status` int DEFAULT '1',
  `create_time` timestamp NULL DEFAULT CURRENT_TIMESTAMP,
  `update_time` datetime DEFAULT NULL,
  PRIMARY KEY (`id`)
) ENGINE=InnoDB AUTO_INCREMENT=22 DEFAULT CHARSET=utf8mb3;
/*!40101 SET character_set_client = @saved_cs_client */;

--
-- Dumping data for table `user_role`
--

LOCK TABLES `user_role` WRITE;
/*!40000 ALTER TABLE `user_role` DISABLE KEYS */;
INSERT INTO `user_role` VALUES (11,7,2,1,'2022-05-13 14:01:36','2022-05-13 14:01:36'),(12,8,2,1,'2022-05-13 14:15:10','2022-05-13 14:15:10'),(13,9,2,1,'2022-05-13 14:41:04','2022-05-13 14:41:04'),(14,7,7,1,'2022-05-13 14:43:29','2022-05-13 14:43:29'),(15,10,2,1,'2022-05-13 18:04:41','2022-05-13 18:04:41'),(16,10,8,1,'2022-05-13 18:08:44','2022-05-13 18:08:44'),(17,7,9,1,'2022-05-17 13:05:59','2022-05-17 13:05:59'),(18,11,1,1,'2022-05-26 02:51:36','2022-05-26 02:51:36'),(19,11,10,1,'2022-05-26 02:51:39','2022-05-26 02:51:39'),(20,11,11,1,'2022-05-26 02:51:43','2022-05-26 02:51:43'),(21,7,12,1,'2022-05-27 16:29:00','2022-05-27 16:29:00');
/*!40000 ALTER TABLE `user_role` ENABLE KEYS */;
UNLOCK TABLES;

--
-- Table structure for table `user_verify`
--

DROP TABLE IF EXISTS `user_verify`;
/*!40101 SET @saved_cs_client     = @@character_set_client */;
/*!50503 SET character_set_client = utf8mb4 */;
CREATE TABLE `user_verify` (
  `id` int NOT NULL AUTO_INCREMENT,
  `user_id` int DEFAULT '0',
  `type` varchar(16) DEFAULT NULL COMMENT 'email/phone',
  `item` varchar(64) DEFAULT NULL,
  `code` varchar(8) DEFAULT NULL,
  `expired_time` bigint DEFAULT NULL,
  `action` varchar(32) DEFAULT NULL,
  `send_status` int DEFAULT '0',
  `verify_status` int DEFAULT '0',
  `create_time` timestamp NULL DEFAULT CURRENT_TIMESTAMP,
  `update_time` datetime DEFAULT NULL,
  PRIMARY KEY (`id`)
) ENGINE=InnoDB AUTO_INCREMENT=14 DEFAULT CHARSET=utf8mb3;
/*!40101 SET character_set_client = @saved_cs_client */;

--
-- Dumping data for table `user_verify`
--

LOCK TABLES `user_verify` WRITE;
/*!40000 ALTER TABLE `user_verify` DISABLE KEYS */;
INSERT INTO `user_verify` VALUES (8,7,'email','revenliang@163.com','386539',1652453584824,'register',1,1,'2022-05-13 13:52:45','2022-05-13 13:52:45'),(9,8,'email','rcboy.liang@gmail.com','742986',1652451753380,'register',1,0,'2022-05-13 14:12:33','2022-05-13 14:12:33'),(10,9,'email','liangjianwu001@gmail.com','508702',1652453471153,'register',1,1,'2022-05-13 14:20:25','2022-05-13 14:20:25'),(11,10,'email','servify.info@gmail.com','909673',1652465682910,'register',1,1,'2022-05-13 18:04:17','2022-05-13 18:04:17'),(12,7,'email','revenliang@163.com','665602',1653533942107,'resetpwd',1,1,'2022-05-26 02:49:02','2022-05-26 02:49:02'),(13,11,'email','liangjianwu001@gmail.com','617429',1653534040344,'register',1,1,'2022-05-26 02:50:38','2022-05-26 02:50:38');
/*!40000 ALTER TABLE `user_verify` ENABLE KEYS */;
UNLOCK TABLES;
/*!40103 SET TIME_ZONE=@OLD_TIME_ZONE */;

/*!40101 SET SQL_MODE=@OLD_SQL_MODE */;
/*!40014 SET FOREIGN_KEY_CHECKS=@OLD_FOREIGN_KEY_CHECKS */;
/*!40014 SET UNIQUE_CHECKS=@OLD_UNIQUE_CHECKS */;
/*!40101 SET CHARACTER_SET_CLIENT=@OLD_CHARACTER_SET_CLIENT */;
/*!40101 SET CHARACTER_SET_RESULTS=@OLD_CHARACTER_SET_RESULTS */;
/*!40101 SET COLLATION_CONNECTION=@OLD_COLLATION_CONNECTION */;
/*!40111 SET SQL_NOTES=@OLD_SQL_NOTES */;

-- Dump completed on 2022-05-28 11:09:17
